celebrity_name,timestamp
John O'Hurley,2026-01-30T14:29:36.457370
Kelly Monaco,2026-01-30T14:29:42.431331
Evander Holyfield,2026-01-30T14:29:46.869948
Rachel Hunter,2026-01-30T14:29:54.717592
Joey McIntyre,2026-01-30T14:29:59.479254
Trista Sutter,2026-01-30T14:30:03.191437
Tatum O'Neal,2026-01-30T14:30:07.162628
Tia Carrere,2026-01-30T14:30:13.431817
George Hamilton,2026-01-30T14:30:21.796600
Lisa Rinna,2026-01-30T14:30:27.092931
Stacy Keibler,2026-01-30T14:30:31.768311
Jerry Rice,2026-01-30T14:30:39.287554
Giselle Fernandez,2026-01-30T14:30:44.300281
Master P,2026-01-30T14:30:49.575292
Drew Lachey,2026-01-30T14:30:58.390602
Kenny Mayne,2026-01-30T14:31:04.967473
Harry Hamlin,2026-01-30T14:31:11.481804
Vivica A. Fox,2026-01-30T14:31:20.553470
Monique Coleman,2026-01-30T14:31:25.512220
Joey Lawrence,2026-01-30T14:31:30.433140
Mario Lopez,2026-01-30T14:31:34.957548
Emmitt Smith,2026-01-30T14:31:39.731026
Shanna Moakler,2026-01-30T14:31:44.433353
Willa Ford,2026-01-30T14:31:48.930524
Sara Evans,2026-01-30T14:31:53.057818
Jerry Springer,2026-01-30T14:31:56.928996
Tucker Carlson,2026-01-30T14:32:01.395960
John Ratzenberger,2026-01-30T14:32:10.745466
Ian Ziering,2026-01-30T14:32:16.767194
Clyde Drexler,2026-01-30T14:32:21.490376
Laila Ali,2026-01-30T14:32:25.367180
Apolo Anton Ohno,2026-01-30T14:32:31.188282
Shandi Finnessey,2026-01-30T14:32:38.703763
Paulina Porizkova,2026-01-30T14:32:42.785762
Heather Mills,2026-01-30T14:32:47.365078
Billy Ray Cyrus,2026-01-30T14:32:54.126227
Joey Fatone,2026-01-30T14:33:07.984902
Leeza Gibbons,2026-01-30T14:33:16.571544
Cameron Mathison,2026-01-30T14:33:23.372640
Jane Seymour,2026-01-30T14:33:29.494119
Sabrina Bryan,2026-01-30T14:33:38.412714
Jennie Garth,2026-01-30T14:33:43.803242
Floyd Mayweather Jr. ,2026-01-30T14:33:48.688126
Josie Maran,2026-01-30T14:33:53.131730
Albert Reed,2026-01-30T14:33:57.338280
Helio Castroneves,2026-01-30T14:34:03.004502
Mel B,2026-01-30T14:34:08.900314
Wayne Newton,2026-01-30T14:34:12.890369
Marie Osmond,2026-01-30T14:34:17.936915
Mark Cuban,2026-01-30T14:34:26.690584
Cristian de la Fuente,2026-01-30T14:34:31.538040
Steve Guttenberg,2026-01-30T14:34:38.694177
Priscilla Presley,2026-01-30T14:34:42.417281
Marlee Matlin,2026-01-30T14:34:47.629660
Shannon Elizabeth,2026-01-30T14:34:51.976673
Marissa Jaret Winokur,2026-01-30T14:34:56.239754
Jason Taylor,2026-01-30T14:35:00.907114
Kristi Yamaguchi,2026-01-30T14:35:12.139087
Monica Seles,2026-01-30T14:35:16.555913
Penn Jillette,2026-01-30T14:35:22.051992
Adam Carolla,2026-01-30T14:35:27.849328
Mario,2026-01-30T14:35:31.935673
Ted McGinley,2026-01-30T14:35:36.511750
Cloris Leachman,2026-01-30T14:35:43.826951
Susan Lucci,2026-01-30T14:35:48.782828
Cody Linley,2026-01-30T14:35:53.299912
Misty May-Treanor,2026-01-30T14:35:57.964760
Maurice Greene,2026-01-30T14:36:02.776395
Warren Sapp,2026-01-30T14:36:16.038768
Jeffrey Ross,2026-01-30T14:36:20.785277
Toni Braxton,2026-01-30T14:36:29.815916
Lance Bass,2026-01-30T14:36:33.727674
Kim Kardashian,2026-01-30T14:36:36.676266
Rocco DiSpirito,2026-01-30T14:36:41.177672
Brooke Burke,2026-01-30T14:36:49.935280
Gilles Marini,2026-01-30T14:36:56.731640
Denise Richards,2026-01-30T14:37:00.754978
David Alan Grier,2026-01-30T14:37:04.314620
Lawrence Taylor,2026-01-30T14:37:07.570906
Ty Murray,2026-01-30T14:37:11.540583
Shawn Johnson,2026-01-30T14:37:16.451537
Steve Wozniak,2026-01-30T14:37:28.212485
Belinda Carlisle,2026-01-30T14:37:31.190445
Chuck Wicks,2026-01-30T14:37:34.308749
Lil' Kim,2026-01-30T14:37:38.326598
Steve-O,2026-01-30T14:37:45.043379
Holly Madison,2026-01-30T14:37:53.424603
Melissa Rycroft,2026-01-30T14:37:59.631128
Ashley Hamiliton,2026-01-30T14:38:03.908498
Debi Mazar,2026-01-30T14:38:07.800298
Melissa Joan Hart,2026-01-30T14:38:11.698466
Mark Dacascos,2026-01-30T14:38:23.544702
Chuck Liddell,2026-01-30T14:38:31.622986
Natalie Coughlin,2026-01-30T14:38:39.040128
Louie Vito,2026-01-30T14:38:44.468489
Michael Irvin,2026-01-30T14:38:49.135714
Joanna Krupa,2026-01-30T14:38:56.478006
Kathy Ireland,2026-01-30T14:39:04.185510
Tom DeLay,2026-01-30T14:39:11.293575
Macy Gray,2026-01-30T14:39:16.216094
Aaron Carter,2026-01-30T14:39:20.383010
Mya,2026-01-30T14:39:28.146912
Donny Osmond,2026-01-30T14:39:35.653033
Kelly Osbourne,2026-01-30T14:39:42.099870
Aiden Turner,2026-01-30T14:39:46.589148
Shannen Doherty,2026-01-30T14:39:53.211289
Niecy Nash,2026-01-30T14:39:56.751010
Buzz Aldrin,2026-01-30T14:40:01.809467
Chad Ochocinco,2026-01-30T14:40:07.088604
Evan Lysacek,2026-01-30T14:40:10.709945
Pamela Anderson,2026-01-30T14:40:20.670128
Nicole Scherzinger,2026-01-30T14:40:27.866670
Erin Andrews,2026-01-30T14:40:39.700693
Kate Gosselin,2026-01-30T14:40:43.550922
Jake Pavelka,2026-01-30T14:40:50.555350
David Hasselhoff,2026-01-30T14:40:54.493012
Florence Henderson,2026-01-30T14:41:01.095046
Kyle Massey,2026-01-30T14:41:07.103229
Jennifer Grey,2026-01-30T14:41:11.336234
Rick Fox,2026-01-30T14:41:14.718768
Kurt Warner,2026-01-30T14:41:19.808585
Margaret Cho,2026-01-30T14:41:24.641616
Michael Bolton,2026-01-30T14:41:29.220822
Brandy,2026-01-30T14:41:35.512246
The Situation,2026-01-30T14:41:42.993637
Audrina Patridge,2026-01-30T14:41:46.757437
Bristol Palin,2026-01-30T14:41:50.876280
Ralph Macchio,2026-01-30T14:42:12.128805
Chelsea Kane,2026-01-30T14:42:16.383413
Kirstie Alley,2026-01-30T14:42:23.192407
Hines Ward,2026-01-30T14:42:27.689403
Sugar Ray Leonard,2026-01-30T14:42:31.799023
Chris Jericho,2026-01-30T14:42:37.714419
Petra Nemcova,2026-01-30T14:42:46.679202
Mike Catherwood,2026-01-30T14:42:54.814517
Romeo,2026-01-30T14:43:00.119247
Wendy Williams,2026-01-30T14:43:04.042319
Kendra Wilkinson,2026-01-30T14:43:12.422323
Elisabetta Canalis,2026-01-30T14:43:19.578740
David Arquette,2026-01-30T14:43:23.864810
Ricki Lake,2026-01-30T14:43:30.854749
J.R. Martinez,2026-01-30T14:43:35.952773
Metta World Peace (Ron),2026-01-30T14:43:46.718847
Hope Solo,2026-01-30T14:43:51.083667
Chynna Phillips,2026-01-30T14:43:57.542312
Kristin Cavallari,2026-01-30T14:44:04.704450
Carson Kressley,2026-01-30T14:44:10.442679
Chaz Bono,2026-01-30T14:44:14.369222
Nancy Grace,2026-01-30T14:44:20.113426
Rob Kardashian,2026-01-30T14:44:26.385136
William Levy,2026-01-30T14:44:31.412664
Jack Wagner,2026-01-30T14:44:35.168336
Sherri Sheperd,2026-01-30T14:44:40.101906
Jaleel White,2026-01-30T14:44:44.470459
Roshon Fegan,2026-01-30T14:44:49.432055
Melissa Gilbert,2026-01-30T14:44:54.357061
Martina Navratilova,2026-01-30T14:45:00.194220
Donald Driver,2026-01-30T14:45:10.165678
Gavin DeGraw,2026-01-30T14:45:15.924405
Gladys Knight,2026-01-30T14:45:20.832874
Katherine Jenkins,2026-01-30T14:45:25.041712
Maria Menounos,2026-01-30T14:45:30.930474
Gilles Marini,2026-01-30T14:45:39.145533
Sabrina Bryan,2026-01-30T14:45:45.021855
Kirstie Alley,2026-01-30T14:45:49.819415
Kelly Monaco,2026-01-30T14:45:55.841671
Apolo Anton Ohno,2026-01-30T14:46:00.948757
Emmitt Smith,2026-01-30T14:46:07.930396
Shawn Johnson,2026-01-30T14:46:14.385252
Pamela Anderson,2026-01-30T14:46:17.978708
Helio Castroneves,2026-01-30T14:46:23.623030
Joey Fatone,2026-01-30T14:46:29.335858
Drew Lachey,2026-01-30T14:46:34.339442
Bristol Palin,2026-01-30T14:46:38.479170
Melissa Rycroft,2026-01-30T14:46:53.146726
Ingo Rademacher,2026-01-30T14:47:06.585774
Zendaya,2026-01-30T14:47:12.652962
Dorothy Hamill,2026-01-30T14:47:15.940212
Victor Ortiz,2026-01-30T14:47:24.842144
Alexandra Raisman,2026-01-30T14:47:32.364834
Jacoby Jones,2026-01-30T14:47:37.070102
D. L. Hughley,2026-01-30T14:47:41.618326
Andy Dick,2026-01-30T14:47:49.545522
Wynonna Judd,2026-01-30T14:47:54.047965
Kellie Pickler,2026-01-30T14:48:04.415105
Lisa Vanderpump,2026-01-30T14:48:14.143098
Sean Lowe,2026-01-30T14:48:22.215124
Valerie Harper,2026-01-30T14:48:34.619863
Brant Daugherty,2026-01-30T14:48:40.733690
Elizabeth Berkley Lauren,2026-01-30T14:48:46.179710
Leah Remini,2026-01-30T14:48:52.963232
Corbin Bleu,2026-01-30T14:48:58.784516
Amber Riley,2026-01-30T14:49:04.156788
Keyshawn Johnson,2026-01-30T14:49:10.406139
Bill Engvall,2026-01-30T14:49:16.741532
Christina Milian,2026-01-30T14:49:27.240446
"Nicole ""Snooki"" Polizzi",2026-01-30T14:49:33.820594
Jack Osbourne,2026-01-30T14:49:37.540682
Bill Nye,2026-01-30T14:49:41.159090
Billy Dee Williams,2026-01-30T14:49:45.692531
Danica McKellar,2026-01-30T14:49:50.898583
James Maslow,2026-01-30T14:49:54.791037
Candace Cameron Bure,2026-01-30T14:49:59.878607
Sean Avery,2026-01-30T14:50:04.246153
Diana Nyad,2026-01-30T14:50:08.945829
Charlie White,2026-01-30T14:50:19.668883
Amy Purdy,2026-01-30T14:50:23.941490
Meryl Davis,2026-01-30T14:50:28.949848
Drew Carey,2026-01-30T14:50:33.441913
Cody Simpson,2026-01-30T14:50:41.023330
NeNe Leakes,2026-01-30T14:50:44.926349
Antonio Sabato Jr.,2026-01-30T14:50:50.790953
Jonathan Bennett,2026-01-30T14:50:54.139259
Lea Thompson,2026-01-30T14:50:58.405682
Janel Parrish,2026-01-30T14:51:05.371082
Alfonso Ribeiro,2026-01-30T14:51:10.441779
Lolo Jones,2026-01-30T14:51:18.982904
Randy Couture,2026-01-30T14:51:26.247728
Tommy Chong,2026-01-30T14:51:32.698303
Betsey Johnson,2026-01-30T14:51:38.689267
Michael Waltrip,2026-01-30T14:58:04.158058
Tavis Smiley,2026-01-30T14:58:09.791544
Bethany Mota,2026-01-30T14:58:14.139930
Sadie Robertson,2026-01-30T14:58:17.159431
Suzanne Somers,2026-01-30T14:58:21.260988
Willow Shields,2026-01-30T14:58:26.853941
Riker Lynch,2026-01-30T14:58:31.863156
Rumer Willis,2026-01-30T14:58:36.853501
Nastia Liukin,2026-01-30T14:58:45.504449
Michael Sam,2026-01-30T14:58:49.834462
Robert Herjavec,2026-01-30T14:58:55.864037
Charlotte McKinney,2026-01-30T14:59:00.354122
Noah Galloway,2026-01-30T14:59:07.721411
Redfoo,2026-01-30T14:59:16.099407
Patti LaBelle,2026-01-30T14:59:25.236144
Chris Soules,2026-01-30T14:59:29.942711
Gary Busey,2026-01-30T14:59:35.712225
Alexa PenaVega,2026-01-30T14:59:39.548551
Carlos PenaVega,2026-01-30T14:59:44.745789
Victor Espinoza,2026-01-30T14:59:51.221021
Alek Skarlatos,2026-01-30T14:59:57.007216
Chaka Khan,2026-01-30T15:00:05.969404
Andy Grammer,2026-01-30T15:00:10.120271
Tamar Braxton,2026-01-30T15:00:16.078678
Nick Carter,2026-01-30T15:00:21.088568
Hayes Grier,2026-01-30T15:00:27.516204
Bindi Irwin,2026-01-30T15:00:39.953317
Kim Zolciak-Biermann,2026-01-30T15:00:44.795657
Paula Deen,2026-01-30T15:00:49.275273
Mischa Barton,2026-01-30T15:00:57.153448
Kim Fields,2026-01-30T15:01:01.744675
Jodie Sweetin,2026-01-30T15:01:09.546159
Doug Flutie,2026-01-30T15:01:16.525961
Von Miller,2026-01-30T15:01:20.978517
Antonio Brown,2026-01-30T15:01:24.760372
Paige VanZant,2026-01-30T15:01:29.118960
Geraldo Rivera,2026-01-30T15:01:33.906371
Nyle DiMarco,2026-01-30T15:01:38.503128
Ginger Zee,2026-01-30T15:01:49.103285
Wanya Morris,2026-01-30T15:01:58.839472
Marla Maples,2026-01-30T15:02:03.090060
Jake T. Austin,2026-01-30T15:02:09.016809
Maureen McCormick,2026-01-30T15:02:14.044259
Marilu Henner,2026-01-30T15:02:18.527954
Ryan Lochte,2026-01-30T15:02:24.532825
Calvin Johnson Jr.,2026-01-30T15:02:29.070926
Laurie Hernandez,2026-01-30T15:02:35.118126
Amber Rose,2026-01-30T15:02:39.209795
Rick Perry,2026-01-30T15:02:45.809138
James Hinchcliffe,2026-01-30T15:02:52.722512
Babyface,2026-01-30T15:02:57.378790
Vanilla Ice,2026-01-30T15:03:01.291622
Jana Kramer,2026-01-30T15:03:06.045959
Terra Jole,2026-01-30T15:03:10.976644
Charo,2026-01-30T15:03:19.262130
Mr. T,2026-01-30T15:03:23.256612
Heather Morris,2026-01-30T15:03:28.149068
Nancy Kerrigan,2026-01-30T15:03:32.833639
Bonner Bolton,2026-01-30T15:03:36.998275
Simone Biles,2026-01-30T15:03:40.140450
David Ross,2026-01-30T15:03:46.357651
Rashad Jennings,2026-01-30T15:03:55.387054
Chris Kattan,2026-01-30T15:04:02.848040
Erika Jayne,2026-01-30T15:04:14.334103
Normani,2026-01-30T15:04:22.525027
Nick Viall,2026-01-30T15:04:29.054605
Sasha Pieterse,2026-01-30T15:04:33.382542
Frankie Muniz,2026-01-30T15:04:39.675639
Jordan Fisher,2026-01-30T15:04:44.879634
Derek Fisher,2026-01-30T15:04:51.090535
Nikki Bella,2026-01-30T15:04:54.160805
Terrell Owens,2026-01-30T15:04:58.740323
Victoria Arlen,2026-01-30T15:05:04.771932
Barbara Corcoran,2026-01-30T15:05:09.418447
Lindsey Stirling,2026-01-30T15:05:14.394979
Debbie Gibson,2026-01-30T15:05:22.857725
Nick Lachey,2026-01-30T15:05:29.802865
Drew Scott,2026-01-30T15:05:34.414336
Vanessa Lachey,2026-01-30T15:05:43.630267
Jamie Anderson,2026-01-30T15:05:49.726742
Johnny Damon,2026-01-30T15:05:59.226780
Kareem Abdul-Jabbar,2026-01-30T15:06:03.016559
Arike Ogunbowale,2026-01-30T15:06:06.515535
Jennie Finch Daigle,2026-01-30T15:06:14.854201
Chris Mazdzer,2026-01-30T15:06:19.448766
Mirai Nagasu,2026-01-30T15:06:24.020657
Tonya Harding,2026-01-30T15:06:28.338403
Josh Norman,2026-01-30T15:06:33.934744
Adam Rippon,2026-01-30T15:06:40.919194
Juan Pablo Di Pace,2026-01-30T15:06:48.534597
Evanna Lynch,2026-01-30T15:06:54.139414
Nancy McKeon,2026-01-30T15:06:59.613503
John Schneider,2026-01-30T15:07:03.980531
Milo Manheim,2026-01-30T15:07:14.609717
Danelle Umstead,2026-01-30T15:07:20.266783
Mary Lou Retton,2026-01-30T15:07:23.739591
DeMarcus Ware,2026-01-30T15:07:27.735241
Nikki Glaser,2026-01-30T15:07:32.893936
Bobby Bones,2026-01-30T15:07:38.058027
Tinashe,2026-01-30T15:07:45.603498
Alexis Ren,2026-01-30T15:07:52.445019
Joe Amabile,2026-01-30T15:07:57.179188
Kate Flannery,2026-01-30T15:08:04.278031
James Van Der Beek,2026-01-30T15:08:12.674413
Kel Mitchell,2026-01-30T15:08:21.584855
Ray Lewis,2026-01-30T15:08:29.210269
Lamar Odom,2026-01-30T15:08:33.997094
Sailor Brinkley-Cook,2026-01-30T15:08:40.486262
Sean Spicer,2026-01-30T15:08:44.653307
Mary Wilson,2026-01-30T15:08:49.561731
Lauren Alaina,2026-01-30T15:08:55.972120
Ally Brooke,2026-01-30T15:09:04.345480
Karamo Brown,2026-01-30T15:09:09.865401
Hannah Brown,2026-01-30T15:09:15.582334
Anne Heche,2026-01-30T15:09:19.086748
Jesse Metcalfe,2026-01-30T15:09:22.431619
Chrishell Stause,2026-01-30T15:09:33.704393
Skai Jackson,2026-01-30T15:09:43.366219
Justina Machado,2026-01-30T15:09:48.682910
Charles Oakley,2026-01-30T15:09:53.850768
Veron Davis,2026-01-30T15:10:10.359045
Johnny Weir,2026-01-30T15:10:15.686850
Nev Schulman,2026-01-30T15:10:21.109171
AJ McLean,2026-01-30T15:10:26.264340
Nelly,2026-01-30T15:10:30.251429
Kaitlyn Bristowe,2026-01-30T15:10:37.157500
Carole Baskin,2026-01-30T15:10:42.735023
Monica Aldama,2026-01-30T15:10:48.954143
Jeannie Mai,2026-01-30T15:11:02.729853
Martin Kove,2026-01-30T15:11:06.196960
Brian Austin Green,2026-01-30T15:11:12.497759
Melora Hardin,2026-01-30T15:11:17.540424
Matt James,2026-01-30T15:11:22.973851
"Mike ""The Miz"" Mizanin",2026-01-30T15:11:31.595317
Suni Lee,2026-01-30T15:11:43.952939
Iman Shumpert,2026-01-30T15:11:55.323560
Cody Rigsby,2026-01-30T15:11:58.853519
Melanie C,2026-01-30T15:12:03.208262
Jimmie Allen,2026-01-30T15:12:07.050134
Olivia Jade,2026-01-30T15:12:16.105867
JoJo Siwa,2026-01-30T15:12:21.275398
Christine Chiu,2026-01-30T15:12:29.381532
Kenya Moore,2026-01-30T15:12:33.340214
Amanda Kloots,2026-01-30T15:12:36.903312
Jason Lewis,2026-01-30T15:12:41.410505
Cheryl Ladd,2026-01-30T15:12:45.292460
Selma Blair,2026-01-30T15:12:49.486428
Joseph Baena,2026-01-30T15:12:53.316125
Trevor Donovan,2026-01-30T15:12:56.457096
Daniel Durant,2026-01-30T15:13:01.546079
Wayne Brady,2026-01-30T15:13:06.044427
Sam Champion,2026-01-30T15:13:11.929039
Jessie James Decker,2026-01-30T15:13:15.903777
Jordin Sparks,2026-01-30T15:13:30.539774
Heidi D'Amelio,2026-01-30T15:13:36.281125
Charli D'Amelio,2026-01-30T15:13:40.344380
Teresa Giudice,2026-01-30T15:13:44.855159
Vinny Guadagnino,2026-01-30T15:13:50.185075
Shangela,2026-01-30T15:13:54.487024
Gabby Windey,2026-01-30T15:14:00.139993
Jamie Lynn Spears,2026-01-30T15:14:04.860559
Mira Sorvino,2026-01-30T15:14:13.630401
Barry Williams,2026-01-30T15:14:18.147835
Alyson Hannigan,2026-01-30T15:14:27.301677
Xochitl Gomez,2026-01-30T15:14:32.302046
Adrian Peterson,2026-01-30T15:14:36.806845
Matt Walsh,2026-01-30T15:14:43.642979
Tyson Beckford,2026-01-30T15:14:50.111664
Jason Mraz,2026-01-30T15:14:54.546072
Lele Pons,2026-01-30T15:15:01.178774
Harry Jowsey,2026-01-30T15:15:10.065912
Mauricio Umansky,2026-01-30T15:15:17.852968
Charity Lawson,2026-01-30T15:15:24.220660
Ariana Madix,2026-01-30T15:15:27.457085
Tori Spelling,2026-01-30T15:15:33.987360
Eric Roberts,2026-01-30T15:15:42.210290
Reginald VelJohnson,2026-01-30T15:15:46.928312
Chandler Kinney,2026-01-30T15:15:53.504216
Dwight Howard ,2026-01-30T15:15:57.996599
Danny Amendola,2026-01-30T15:16:02.161403
Stephen Nedoroscik,2026-01-30T15:16:06.257027
Ilona Maher,2026-01-30T15:16:10.563982
Anna Delvey,2026-01-30T15:16:15.651421
Brooks Nader,2026-01-30T15:16:20.138304
Phaedra Parks,2026-01-30T15:16:24.425783
Jenn Tran,2026-01-30T15:16:35.446330
Joey Graziadei,2026-01-30T15:16:40.162818
Corey Feldman,2026-01-30T15:16:44.361551
Danielle Fishel,2026-01-30T15:16:49.644790
Elaine Hendrix,2026-01-30T15:16:52.949854
Baron Davis,2026-01-30T15:17:03.030803
Jordan Chiles,2026-01-30T15:17:06.929143
Andy Richter,2026-01-30T15:17:11.648013
Robert Irwin,2026-01-30T15:17:15.417408
Hilaria Baldwin,2026-01-30T15:17:19.774463
Lauren Jauregui,2026-01-30T15:17:24.268377
Scott Hoying,2026-01-30T15:17:28.399077
Alix Earle,2026-01-30T15:17:33.642706
Jen Affleck,2026-01-30T15:17:38.871365
Whitney Leavitt,2026-01-30T15:17:41.929278
Dylan Efron,2026-01-30T15:17:46.467052
