season,n_contestants,spearman_rho,spearman_p,kendall_tau_b,kendall_p,rank_mae,rank_rmse,top1_hit,top3_overlap,top3_jaccard,top4_overlap,pairwise_accuracy,n_pairs,concordant_pairs,discordant_pairs,method_tag
1,6,0.4928053803045812,0.32063258286582746,0.41403933560541256,0.2511180012744736,1.1666666666666667,1.7795130420052185,1,0.75,0.75,0.8,0.7,15,10.5,4,survival
2,10,-0.36199044029251076,0.3040046620233935,-0.18401748249129446,0.46767140390417383,4.7,4.847679857416329,0,0.0,0.0,0.16666666666666666,0.4111111111111111,45,18.5,25,survival
3,11,-0.30593926253473946,0.36021116844817663,-0.2037386413085749,0.3889151052649239,4.454545454545454,4.8896923123128015,0,0.0,0.0,0.2,0.4,55,22.0,32,survival
4,11,0.2018433569398328,0.5517301304599952,0.22438727760202973,0.3447839777847521,3.727272727272727,4.295875400258422,0,0.4,0.3333333333333333,0.5,0.6090909090909091,55,33.5,20,survival
5,12,-0.09859399412855982,0.7604837400712293,-0.04652421051992354,0.8356081953650434,4.75,5.315072906367325,0,0.2,0.14285714285714285,0.3333333333333333,0.4772727272727273,66,31.5,33,survival
6,12,-0.0952417984616157,0.7684276411607843,-0.03126526997403612,0.8897069355331012,4.666666666666667,5.180090089306685,0,0.2,0.14285714285714285,0.3333333333333333,0.48484848484848486,66,32.0,32,survival
7,13,-0.4099864562956654,0.16411489600389628,-0.22528910513419684,0.2945165731783814,5.769230769230769,6.019200049073733,0,0.0,0.0,0.0,0.391025641025641,78,30.5,45,survival
8,13,0.07745690065566453,0.8014187017895581,0.05264981264926563,0.8055405886674939,4.3076923076923075,5.114083119567588,0,0.4,0.3333333333333333,0.5,0.5256410256410257,78,41.0,35,survival
9,16,-0.4023739080814782,0.12232132778687983,-0.28338972196124956,0.1342829656379354,6.625,7.297259759663212,0,0.0,0.0,0.0,0.3625,120,43.5,73,survival
10,11,0.2568915451961508,0.44572565989134083,0.26178515720236806,0.2703685816257839,3.5454545454545454,4.166969685951215,0,0.4,0.3333333333333333,0.5,0.6272727272727273,55,34.5,19,survival
11,12,-0.04225456891223992,0.8962612978961096,-0.04652421051992354,0.8356081953650434,4.583333333333333,5.204164998665331,0,0.2,0.14285714285714285,0.3333333333333333,0.4772727272727273,66,31.5,33,survival
12,11,0.3394638275806278,0.3071024935197742,0.22438727760202973,0.3447839777847521,3.3636363636363638,4.011347540529129,1,0.4,0.3333333333333333,0.5,0.6090909090909091,55,33.5,20,survival
13,12,-0.13380613488875975,0.6784466863299405,-0.07754035086653924,0.7294500113144083,4.75,5.392896562454479,0,0.2,0.14285714285714285,0.3333333333333333,0.4621212121212121,66,30.5,34,survival
14,12,0.24692318119678144,0.43910426220525084,0.1875916198442167,0.40538055645894233,4.0,4.725815626252608,1,0.3333333333333333,0.2857142857142857,0.42857142857142855,0.5909090909090909,66,39.0,25,survival
15,13,-0.1414768482371839,0.6447736384408204,-0.10675210253672476,0.6211355279423958,5.076923076923077,5.870395085642742,0,0.14285714285714285,0.1111111111111111,0.25,0.44871794871794873,78,35.0,40,survival
16,12,0.20643837697087405,0.5197507165228195,0.12712834523274563,0.5754030229127536,4.166666666666667,4.932882862316247,0,0.3333333333333333,0.2857142857142857,0.42857142857142855,0.5606060606060606,66,37.0,26,survival
17,12,0.17796411807833973,0.5800164149739856,0.09534625892455922,0.6744240722352938,4.166666666666667,5.0,0,0.3333333333333333,0.2857142857142857,0.42857142857142855,0.5454545454545454,66,36.0,27,survival
18,12,-0.24603660590063087,0.4408022580638413,-0.11217603013123663,0.6232116743238449,5.333333333333333,5.552777082985894,0,0.0,0.0,0.14285714285714285,0.44696969696969696,66,29.5,33,survival
19,13,-0.039000997323968944,0.8993381724825569,-0.02668802563418119,0.901287773180033,5.153846153846154,5.811129904694161,0,0.16666666666666666,0.125,0.2857142857142857,0.48717948717948717,78,38.0,37,survival
20,12,0.1763737008548439,0.5834615738573031,0.1563263498701806,0.4880740931652481,4.166666666666667,4.864839839775475,0,0.3333333333333333,0.2857142857142857,0.42857142857142855,0.5757575757575758,66,38.0,26,survival
21,13,-0.24689896356279398,0.41609443160409576,-0.13730875909527243,0.5314360328741288,5.6923076923076925,6.038339048243189,0,0.0,0.0,0.125,0.4358974358974359,78,34.0,39,survival
22,12,0.4629235377448438,0.12964483827987344,0.3309652594769214,0.14439979221307142,3.6666666666666665,4.47213595499958,1,0.5,0.5,0.375,0.6590909090909091,66,43.5,20,survival
23,13,0.1813323592867087,0.5532645678646476,0.12093890545052473,0.5760028579667698,4.3076923076923075,5.188745216627709,0,0.3333333333333333,0.2857142857142857,0.42857142857142855,0.5576923076923077,78,43.5,31,survival
24,12,0.3809671938464628,0.22178379979504792,0.21885688981825283,0.3316850680568624,3.5833333333333335,4.330127018922194,1,0.6,0.6,0.42857142857142855,0.6060606060606061,66,40.0,24,survival
25,13,0.0027936884766729636,0.9927730935829235,0.05413319619607667,0.8033382543558498,5.076923076923077,5.629592142625227,0,0.16666666666666666,0.125,0.25,0.5256410256410257,78,41.0,33,survival
26,10,0.12506107989614448,0.7306676120453806,0.07352146220938077,0.7802877416781296,3.6,4.404543109109048,1,0.25,0.2222222222222222,0.4,0.5333333333333333,45,24.0,17,survival
27,13,-0.03911163867342149,0.8990539138875328,-0.027066598098038335,0.9009078718705941,5.461538461538462,6.082762530298219,0,0.125,0.1,0.2222222222222222,0.48717948717948717,78,38.0,36,survival
28,12,0.3779692786299547,0.22574496387611415,0.27242750174728897,0.23280433193453265,3.4166666666666665,4.368447474027052,1,0.5,0.5,0.42857142857142855,0.6287878787878788,66,41.5,21,survival
29,15,0.6516627685549871,0.008484877206231733,0.5251644902096135,0.00786611539726057,3.8,4.878524367060187,1,0.42857142857142855,0.42857142857142855,0.5,0.7523809523809524,105,79.0,22,survival
30,15,0.4896453271060096,0.06393537272162506,0.378489059622558,0.056395547257319996,4.933333333333334,5.597618541248888,1,0.25,0.2222222222222222,0.2222222222222222,0.680952380952381,105,71.5,29,survival
31,16,0.5983946097721146,0.014333586934879667,0.44189395817353094,0.020136751550346346,4.6875,5.7282196186948,1,0.25,0.2222222222222222,0.3333333333333333,0.7125,120,85.5,30,survival
32,14,0.40684431149784545,0.1488269333026775,0.26789501382893466,0.1964234018976908,4.0,5.3718844791323335,1,0.42857142857142855,0.42857142857142855,0.5,0.6263736263736264,91,57.0,29,survival
33,13,0.5101627678885768,0.0748779657866865,0.3902462713366423,0.07658140903566996,3.8461538461538463,4.867474467555808,1,0.42857142857142855,0.42857142857142855,0.375,0.6794871794871795,78,53.0,19,survival
34,14,0.321799581067544,0.26187082087384217,0.25784397701617245,0.21586564200583258,4.642857142857143,5.4182232195751086,1,0.2857142857142857,0.25,0.25,0.6208791208791209,91,56.5,29,survival
