name,t0,qid,awards_total,awards_dated,awards_pre_t0,award_date_coverage
AJ McLean,2020-11-23,Q313408,0.0,0.0,0.0,0.0
Aaron Carter,2009-11-23,Q301818,0.0,0.0,0.0,0.0
Adam Carolla,2008-05-19,Q4119,0.0,0.0,0.0,0.0
Adam Rippon,2018-05-21,Q350722,1.0,1.0,1.0,1.0
Adrian Peterson,2023-12-05,Q100899846,0.0,0.0,0.0,0.0
Aiden Turner,2010-05-24,Q403999,0.0,0.0,0.0,0.0
Albert Reed,2007-11-26,Q4711088,0.0,0.0,0.0,0.0
Alek Skarlatos,2015-11-23,Q21055237,1.0,0.0,0.0,0.0
Alexa PenaVega,2015-11-23,Q152555,0.0,0.0,0.0,0.0
Alexandra Raisman,2013-05-20,Q238663,0.0,0.0,0.0,0.0
Alexis Ren,2018-11-19,Q18637906,0.0,0.0,0.0,0.0
Alfonso Ribeiro,2014-11-24,Q447691,2.0,2.0,2.0,1.0
Alix Earle,2025-11-25,Q121422393,0.0,0.0,0.0,0.0
Ally Brooke,2019-11-25,Q22965780,0.0,0.0,0.0,0.0
Alyson Hannigan,2023-12-05,Q199927,4.0,4.0,4.0,1.0
Amanda Kloots,2021-11-22,Q102193042,0.0,0.0,0.0,0.0
Amber Riley,2013-11-25,Q230420,4.0,4.0,1.0,1.0
Amber Rose,2016-11-21,Q456943,0.0,0.0,0.0,0.0
Amy Purdy,2014-05-19,Q4749355,0.0,0.0,0.0,0.0
Andy Dick,2013-05-20,Q367094,0.0,0.0,0.0,0.0
Andy Grammer,2015-11-23,Q4299814,0.0,0.0,0.0,0.0
Andy Richter,2025-11-25,Q497851,0.0,0.0,0.0,0.0
Anna Delvey,2024-11-26,Q55080956,0.0,0.0,0.0,0.0
Anne Heche,2020-11-23,Q234610,6.0,6.0,6.0,1.0
Antonio Brown,2016-05-23,Q4776474,0.0,0.0,0.0,0.0
Antonio Sabato Jr.,2014-11-24,Q379461,0.0,0.0,0.0,0.0
Apolo Anton Ohno,2012-11-26,Q329738,0.0,0.0,0.0,0.0
Ariana Madix,2023-12-05,Q64852987,0.0,0.0,0.0,0.0
Arike Ogunbowale,2018-05-21,Q51858305,2.0,2.0,2.0,1.0
Ashley Hamiliton,2009-11-23,QID_NOT_FOUND,0.0,0.0,0.0,0.0
Audrina Patridge,2010-11-22,Q239595,0.0,0.0,0.0,0.0
Babyface,2016-11-21,Q344983,2.0,1.0,1.0,0.5
Barbara Corcoran,2017-11-20,Q4858830,0.0,0.0,0.0,0.0
Baron Davis,2025-11-25,Q313486,0.0,0.0,0.0,0.0
Barry Williams,2023-12-05,Q121299255,0.0,0.0,0.0,0.0
Belinda Carlisle,2009-05-18,Q233959,0.0,0.0,0.0,0.0
Bethany Mota,2014-11-24,Q16769657,3.0,3.0,2.0,1.0
Betsey Johnson,2014-11-24,Q467665,1.0,1.0,0.0,1.0
Bill Engvall,2013-11-25,Q4908906,0.0,0.0,0.0,0.0
Bill Nye,2013-11-25,Q2619019,6.0,3.0,1.0,0.5
Billy Dee Williams,2014-05-19,Q358345,2.0,1.0,1.0,0.5
Billy Ray Cyrus,2007-05-21,Q231259,4.0,4.0,3.0,1.0
Bindi Irwin,2015-11-23,Q2423081,2.0,0.0,0.0,0.0
Bobby Bones,2018-11-19,Q17385667,0.0,0.0,0.0,0.0
Bonner Bolton,2017-05-22,Q28976368,0.0,0.0,0.0,0.0
Brandy,2010-11-22,Q690974,18.0,18.0,14.0,1.0
Brant Daugherty,2013-11-25,Q1992569,0.0,0.0,0.0,0.0
Brian Austin Green,2021-11-22,Q313311,0.0,0.0,0.0,0.0
Bristol Palin,2012-11-26,Q2190766,0.0,0.0,0.0,0.0
Brooke Burke,2008-11-24,Q439927,0.0,0.0,0.0,0.0
Brooks Nader,2024-11-26,Q118558462,0.0,0.0,0.0,0.0
Buzz Aldrin,2010-05-24,Q2252,26.0,15.0,12.0,0.5769230769230769
Calvin Johnson Jr.,2016-11-21,QID_NOT_FOUND,0.0,0.0,0.0,0.0
Cameron Mathison,2007-11-26,Q3651353,1.0,1.0,1.0,1.0
Candace Cameron Bure,2014-05-19,Q235694,3.0,3.0,1.0,1.0
Carlos PenaVega,2015-11-23,Q26053,0.0,0.0,0.0,0.0
Carole Baskin,2020-11-23,Q88495947,0.0,0.0,0.0,0.0
Carson Kressley,2011-11-21,Q2470009,1.0,0.0,0.0,0.0
Chad Ochocinco,2010-05-24,Q471833,0.0,0.0,0.0,0.0
Chaka Khan,2015-11-23,Q229498,3.0,2.0,1.0,0.6666666666666666
Chandler Kinney,2024-11-26,Q22670597,0.0,0.0,0.0,0.0
Charity Lawson,2023-12-05,Q117138689,0.0,0.0,0.0,0.0
Charles Oakley,2020-11-23,Q608514,3.0,3.0,3.0,1.0
Charli D'Amelio,2022-11-21,Q83648587,1.0,1.0,1.0,1.0
Charlie White,2014-05-19,Q512025,0.0,0.0,0.0,0.0
Charlotte McKinney,2015-05-18,Q19571502,0.0,0.0,0.0,0.0
Charo,2017-05-22,Q453949,0.0,0.0,0.0,0.0
Chaz Bono,2011-11-21,Q979387,1.0,1.0,0.0,1.0
Chelsea Kane,2011-05-23,Q119541149,0.0,0.0,0.0,0.0
Cheryl Ladd,2022-11-21,Q218884,0.0,0.0,0.0,0.0
Chris Jericho,2011-05-23,Q44144,2.0,0.0,0.0,0.0
Chris Kattan,2017-05-22,Q741909,0.0,0.0,0.0,0.0
Chris Mazdzer,2018-05-21,Q937658,0.0,0.0,0.0,0.0
Chris Soules,2015-05-18,Q19867926,0.0,0.0,0.0,0.0
Chrishell Stause,2020-11-23,Q5108579,0.0,0.0,0.0,0.0
Christina Milian,2013-11-25,Q230501,1.0,1.0,1.0,1.0
Christine Chiu,2021-11-22,Q105491159,0.0,0.0,0.0,0.0
Chuck Liddell,2009-11-23,Q380050,0.0,0.0,0.0,0.0
Chuck Wicks,2009-05-18,Q2967614,0.0,0.0,0.0,0.0
Chynna Phillips,2011-11-21,Q3676126,0.0,0.0,0.0,0.0
Cloris Leachman,2008-11-24,Q230131,12.0,11.0,11.0,0.9166666666666666
Clyde Drexler,2007-05-21,Q295340,5.0,5.0,5.0,1.0
Cody Linley,2008-11-24,Q313660,0.0,0.0,0.0,0.0
Cody Rigsby,2021-11-22,Q109670980,0.0,0.0,0.0,0.0
Cody Simpson,2014-05-19,Q314319,0.0,0.0,0.0,0.0
Corbin Bleu,2013-11-25,Q4617,0.0,0.0,0.0,0.0
Corey Feldman,2025-11-25,Q375419,1.0,1.0,1.0,1.0
Cristian de la Fuente,2008-05-19,Q266788,1.0,0.0,0.0,0.0
D. L. Hughley,2013-05-20,Q536308,0.0,0.0,0.0,0.0
Danelle Umstead,2018-11-19,Q5215881,0.0,0.0,0.0,0.0
Danica McKellar,2014-05-19,Q242949,0.0,0.0,0.0,0.0
Daniel Durant,2022-11-21,Q22046533,1.0,1.0,1.0,1.0
Danielle Fishel,2025-11-25,Q129208,0.0,0.0,0.0,0.0
Danny Amendola,2024-11-26,Q3702263,0.0,0.0,0.0,0.0
David Alan Grier,2009-05-18,Q562596,2.0,1.0,1.0,0.5
David Arquette,2011-11-21,Q294185,0.0,0.0,0.0,0.0
David Hasselhoff,2010-11-22,Q201927,6.0,5.0,5.0,0.8333333333333334
David Ross,2017-05-22,Q111045274,0.0,0.0,0.0,0.0
DeMarcus Ware,2018-11-19,Q2761454,0.0,0.0,0.0,0.0
Debbie Gibson,2017-11-20,Q233817,0.0,0.0,0.0,0.0
Debi Mazar,2009-11-23,Q238671,0.0,0.0,0.0,0.0
Denise Richards,2009-05-18,Q206833,0.0,0.0,0.0,0.0
Derek Fisher,2017-11-20,Q105670147,0.0,0.0,0.0,0.0
Diana Nyad,2014-05-19,Q5271254,2.0,2.0,1.0,1.0
Donald Driver,2012-05-21,Q1093571,0.0,0.0,0.0,0.0
Donny Osmond,2009-11-23,Q386053,0.0,0.0,0.0,0.0
Dorothy Hamill,2013-05-20,Q262573,2.0,1.0,1.0,0.5
Doug Flutie,2016-05-23,Q1251736,3.0,0.0,0.0,0.0
Drew Carey,2014-05-19,Q357402,6.0,6.0,6.0,1.0
Drew Lachey,2012-11-26,Q5307215,0.0,0.0,0.0,0.0
Drew Scott,2017-11-20,Q108052859,0.0,0.0,0.0,0.0
Dwight Howard,2024-11-26,Q25278,14.0,14.0,13.0,1.0
Dylan Efron,2025-11-25,Q104902550,0.0,0.0,0.0,0.0
Elaine Hendrix,2025-11-25,Q271620,0.0,0.0,0.0,0.0
Elisabetta Canalis,2011-11-21,Q287122,0.0,0.0,0.0,0.0
Elizabeth Berkley Lauren,2013-11-25,Q129831,3.0,2.0,2.0,0.6666666666666666
Emmitt Smith,2012-11-26,Q1338802,3.0,0.0,0.0,0.0
Eric Roberts,2024-11-26,Q207969,1.0,1.0,1.0,1.0
Erika Jayne,2017-05-22,Q867257,0.0,0.0,0.0,0.0
Erin Andrews,2010-05-24,Q2743544,0.0,0.0,0.0,0.0
Evan Lysacek,2010-05-24,Q299225,0.0,0.0,0.0,0.0
Evander Holyfield,2005-07-06,Q313451,2.0,1.0,0.0,0.5
Evanna Lynch,2018-11-19,Q211730,0.0,0.0,0.0,0.0
Florence Henderson,2010-11-22,Q452749,2.0,0.0,0.0,0.0
Floyd Mayweather Jr.,2007-11-26,Q318204,3.0,2.0,0.0,0.6666666666666666
Frankie Muniz,2017-11-20,Q310275,0.0,0.0,0.0,0.0
Gabby Windey,2022-11-21,Q111171299,0.0,0.0,0.0,0.0
Gary Busey,2015-11-23,Q312081,0.0,0.0,0.0,0.0
Gavin DeGraw,2012-05-21,Q337722,0.0,0.0,0.0,0.0
George Hamilton,2006-02-23,Q359416,3.0,1.0,1.0,0.3333333333333333
Geraldo Rivera,2016-05-23,Q1368995,1.0,1.0,1.0,1.0
Gilles Marini,2012-11-26,Q181997,0.0,0.0,0.0,0.0
Ginger Zee,2016-05-23,Q5563073,0.0,0.0,0.0,0.0
Giselle Fernandez,2006-02-23,Q3107767,1.0,0.0,0.0,0.0
Gladys Knight,2012-05-21,Q235952,3.0,2.0,0.0,0.6666666666666666
Hannah Brown,2019-11-25,Q89158989,0.0,0.0,0.0,0.0
Harry Hamlin,2006-11-14,Q567830,0.0,0.0,0.0,0.0
Harry Jowsey,2023-12-05,Q124809467,0.0,0.0,0.0,0.0
Hayes Grier,2015-11-23,Q17411181,0.0,0.0,0.0,0.0
Heather Mills,2007-05-21,Q128805805,0.0,0.0,0.0,0.0
Heather Morris,2017-05-22,Q107148555,0.0,0.0,0.0,0.0
Heidi D'Amelio,2022-11-21,Q100791818,0.0,0.0,0.0,0.0
Helio Castroneves,2012-11-26,Q454058,0.0,0.0,0.0,0.0
Hilaria Baldwin,2025-11-25,Q24702913,0.0,0.0,0.0,0.0
Hines Ward,2011-05-23,Q482838,0.0,0.0,0.0,0.0
Holly Madison,2009-05-18,Q229948,0.0,0.0,0.0,0.0
Hope Solo,2011-11-21,Q229619,0.0,0.0,0.0,0.0
Ian Ziering,2007-05-21,Q352233,0.0,0.0,0.0,0.0
Ilona Maher,2024-11-26,Q106086464,0.0,0.0,0.0,0.0
Iman Shumpert,2021-11-22,Q716081,0.0,0.0,0.0,0.0
Ingo Rademacher,2013-05-20,Q6032887,0.0,0.0,0.0,0.0
J.R. Martinez,2011-11-21,Q3246618,0.0,0.0,0.0,0.0
Jack Osbourne,2013-11-25,Q108844845,0.0,0.0,0.0,0.0
Jack Wagner,2012-05-21,Q1293637,0.0,0.0,0.0,0.0
Jacoby Jones,2013-05-20,Q3805829,0.0,0.0,0.0,0.0
Jake Pavelka,2010-05-24,Q6124907,0.0,0.0,0.0,0.0
Jake T. Austin,2016-11-21,Q312521,0.0,0.0,0.0,0.0
Jaleel White,2012-05-21,Q358306,0.0,0.0,0.0,0.0
James Hinchcliffe,2016-11-21,Q1360560,0.0,0.0,0.0,0.0
James Maslow,2014-05-19,Q26058,0.0,0.0,0.0,0.0
James Van Der Beek,2019-11-25,Q313392,0.0,0.0,0.0,0.0
Jamie Anderson,2018-05-21,Q108540337,0.0,0.0,0.0,0.0
Jamie Lynn Spears,2023-12-05,Q55497,0.0,0.0,0.0,0.0
Jana Kramer,2016-11-21,Q263670,0.0,0.0,0.0,0.0
Jane Seymour,2007-11-26,Q123849,5.0,3.0,3.0,0.6
Janel Parrish,2014-11-24,Q242418,0.0,0.0,0.0,0.0
Jason Lewis,2022-11-21,Q27322,0.0,0.0,0.0,0.0
Jason Mraz,2023-12-05,Q192515,7.0,6.0,6.0,0.8571428571428571
Jason Taylor,2008-05-19,Q110442797,0.0,0.0,0.0,0.0
Jeannie Mai,2020-11-23,Q3176267,0.0,0.0,0.0,0.0
Jeffrey Ross,2008-11-24,Q125268398,0.0,0.0,0.0,0.0
Jen Affleck,2025-11-25,Q130278045,0.0,0.0,0.0,0.0
Jenn Tran,2024-11-26,Q125150795,0.0,0.0,0.0,0.0
Jennie Finch Daigle,2018-05-21,Q2406028,1.0,1.0,1.0,1.0
Jennie Garth,2007-11-26,Q230015,2.0,2.0,1.0,1.0
Jennifer Grey,2010-11-22,Q232927,0.0,0.0,0.0,0.0
Jerry Rice,2006-02-23,Q505423,1.0,0.0,0.0,0.0
Jerry Springer,2006-11-14,Q27214,0.0,0.0,0.0,0.0
Jesse Metcalfe,2020-11-23,Q317740,0.0,0.0,0.0,0.0
Jessie James Decker,2022-11-21,Q436276,0.0,0.0,0.0,0.0
Jimmie Allen,2021-11-22,Q55584464,0.0,0.0,0.0,0.0
JoJo Siwa,2021-11-22,Q24174947,0.0,0.0,0.0,0.0
Joanna Krupa,2009-11-23,Q266525,0.0,0.0,0.0,0.0
Jodie Sweetin,2016-05-23,Q236861,1.0,1.0,1.0,1.0
Joe Amabile,2018-11-19,Q102993171,0.0,0.0,0.0,0.0
Joey Fatone,2012-11-26,Q1640877,0.0,0.0,0.0,0.0
Joey Graziadei,2024-11-26,Q123469653,0.0,0.0,0.0,0.0
Joey Lawrence,2006-11-14,Q550395,0.0,0.0,0.0,0.0
Joey McIntyre,2005-07-06,Q740877,0.0,0.0,0.0,0.0
John O'Hurley,2005-07-06,Q3142953,0.0,0.0,0.0,0.0
John Ratzenberger,2007-05-21,Q374093,0.0,0.0,0.0,0.0
John Schneider,2018-11-19,Q286642,0.0,0.0,0.0,0.0
Johnny Damon,2018-05-21,Q25720,0.0,0.0,0.0,0.0
Johnny Weir,2020-11-23,Q352193,0.0,0.0,0.0,0.0
Jonathan Bennett,2014-11-24,Q3738153,2.0,1.0,1.0,0.5
Jordan Chiles,2025-11-25,Q17486476,0.0,0.0,0.0,0.0
Jordan Fisher,2017-11-20,Q19955856,0.0,0.0,0.0,0.0
Jordin Sparks,2022-11-21,Q215300,4.0,4.0,4.0,1.0
Joseph Baena,2022-11-21,Q23800185,0.0,0.0,0.0,0.0
Josh Norman,2018-05-21,Q3810322,0.0,0.0,0.0,0.0
Josie Maran,2007-11-26,Q241025,0.0,0.0,0.0,0.0
Juan Pablo Di Pace,2018-11-19,Q6300659,0.0,0.0,0.0,0.0
Justina Machado,2020-11-23,Q270382,0.0,0.0,0.0,0.0
Kaitlyn Bristowe,2020-11-23,Q20090345,0.0,0.0,0.0,0.0
Karamo Brown,2019-11-25,Q44870529,0.0,0.0,0.0,0.0
Kareem Abdul-Jabbar,2018-05-21,Q179051,30.0,30.0,30.0,1.0
Kate Flannery,2019-11-25,Q3028200,0.0,0.0,0.0,0.0
Kate Gosselin,2010-05-24,Q2618072,0.0,0.0,0.0,0.0
Katherine Jenkins,2012-05-21,Q272581,2.0,0.0,0.0,0.0
Kathy Ireland,2009-11-23,Q262490,0.0,0.0,0.0,0.0
Kel Mitchell,2019-11-25,Q2657882,0.0,0.0,0.0,0.0
Kellie Pickler,2013-05-20,Q234445,0.0,0.0,0.0,0.0
Kelly Monaco,2012-11-26,Q451861,1.0,1.0,1.0,1.0
Kelly Osbourne,2009-11-23,Q231182,0.0,0.0,0.0,0.0
Kendra Wilkinson,2011-05-23,Q231744,0.0,0.0,0.0,0.0
Kenny Mayne,2006-02-23,Q6391145,0.0,0.0,0.0,0.0
Kenya Moore,2021-11-22,Q447710,0.0,0.0,0.0,0.0
Keyshawn Johnson,2013-11-25,Q2081596,0.0,0.0,0.0,0.0
Kim Fields,2016-05-23,Q772031,0.0,0.0,0.0,0.0
Kim Kardashian,2008-11-24,Q186304,1.0,1.0,0.0,1.0
Kim Zolciak-Biermann,2015-11-23,Q4193709,0.0,0.0,0.0,0.0
Kirstie Alley,2012-11-26,Q151935,8.0,8.0,8.0,1.0
Kristi Yamaguchi,2008-05-19,Q237651,1.0,1.0,0.0,1.0
Kristin Cavallari,2011-11-21,Q242802,0.0,0.0,0.0,0.0
Kurt Warner,2010-11-22,Q945750,1.0,0.0,0.0,0.0
Kyle Massey,2010-11-22,Q441362,0.0,0.0,0.0,0.0
Laila Ali,2007-05-21,Q255099,2.0,1.0,0.0,0.5
Lamar Odom,2019-11-25,Q296403,0.0,0.0,0.0,0.0
Lance Bass,2008-11-24,Q443120,0.0,0.0,0.0,0.0
Lauren Alaina,2019-11-25,Q271796,0.0,0.0,0.0,0.0
Lauren Jauregui,2025-11-25,Q18921974,0.0,0.0,0.0,0.0
Laurie Hernandez,2016-11-21,Q15710550,1.0,1.0,0.0,1.0
Lawrence Taylor,2009-05-18,Q102302592,0.0,0.0,0.0,0.0
Lea Thompson,2014-11-24,Q230605,0.0,0.0,0.0,0.0
Leah Remini,2013-11-25,Q242580,3.0,3.0,0.0,1.0
Leeza Gibbons,2007-05-21,Q512367,2.0,0.0,0.0,0.0
Lele Pons,2023-12-05,Q12297196,3.0,3.0,3.0,1.0
Lil' Kim,2009-05-18,Q229379,0.0,0.0,0.0,0.0
Lindsey Stirling,2017-11-20,Q128667,4.0,2.0,2.0,0.5
Lisa Rinna,2006-02-23,Q239576,0.0,0.0,0.0,0.0
Lisa Vanderpump,2013-05-20,Q15040601,2.0,2.0,1.0,1.0
Lolo Jones,2014-11-24,Q466911,0.0,0.0,0.0,0.0
Louie Vito,2009-11-23,Q3260258,0.0,0.0,0.0,0.0
Macy Gray,2009-11-23,Q232456,0.0,0.0,0.0,0.0
Margaret Cho,2010-11-22,Q257243,1.0,1.0,0.0,1.0
Maria Menounos,2012-05-21,Q233618,0.0,0.0,0.0,0.0
Marie Osmond,2007-11-26,Q465641,0.0,0.0,0.0,0.0
Marilu Henner,2016-11-21,Q270747,0.0,0.0,0.0,0.0
Mario,2008-05-19,Q3362622,0.0,0.0,0.0,0.0
Mario Lopez,2006-11-14,Q372559,0.0,0.0,0.0,0.0
Marissa Jaret Winokur,2008-05-19,Q459363,3.0,2.0,2.0,0.6666666666666666
Mark Cuban,2007-11-26,Q318503,0.0,0.0,0.0,0.0
Mark Dacascos,2009-11-23,Q314200,0.0,0.0,0.0,0.0
Marla Maples,2016-05-23,Q2597050,0.0,0.0,0.0,0.0
Marlee Matlin,2008-05-19,Q213287,4.0,3.0,2.0,0.75
Martin Kove,2021-11-22,Q508795,0.0,0.0,0.0,0.0
Martina Navratilova,2012-05-21,Q54545,11.0,11.0,8.0,1.0
Mary Lou Retton,2018-11-19,Q235975,2.0,2.0,2.0,1.0
Mary Wilson,2019-11-25,Q2302368,0.0,0.0,0.0,0.0
Master P,2006-02-23,Q722042,0.0,0.0,0.0,0.0
Matt James,2021-11-22,Q116496896,0.0,0.0,0.0,0.0
Matt Walsh,2023-12-05,Q2278533,0.0,0.0,0.0,0.0
Maureen McCormick,2016-11-21,Q454374,0.0,0.0,0.0,0.0
Maurice Greene,2008-11-24,Q296309,0.0,0.0,0.0,0.0
Mauricio Umansky,2023-12-05,Q22078255,0.0,0.0,0.0,0.0
Mel B,2007-11-26,Q349690,3.0,2.0,2.0,0.6666666666666666
Melanie C,2021-11-22,Q151830,0.0,0.0,0.0,0.0
Melissa Gilbert,2012-05-21,Q230929,2.0,1.0,1.0,0.5
Melissa Joan Hart,2009-11-23,Q429777,0.0,0.0,0.0,0.0
Melissa Rycroft,2012-11-26,Q2112258,0.0,0.0,0.0,0.0
Melora Hardin,2021-11-22,Q269901,0.0,0.0,0.0,0.0
Meryl Davis,2014-05-19,Q242921,0.0,0.0,0.0,0.0
Metta World Peace (Ron),2011-11-21,QID_NOT_FOUND,0.0,0.0,0.0,0.0
Michael Bolton,2010-11-22,Q312514,3.0,0.0,0.0,0.0
Michael Irvin,2009-11-23,Q952676,1.0,0.0,0.0,0.0
Michael Sam,2015-05-18,Q112664519,0.0,0.0,0.0,0.0
Michael Waltrip,2014-11-24,Q946057,0.0,0.0,0.0,0.0
"Mike ""The Miz"" Mizanin",2021-11-22,Q44379,0.0,0.0,0.0,0.0
Mike Catherwood,2011-05-23,Q16206306,0.0,0.0,0.0,0.0
Milo Manheim,2018-11-19,Q47540917,0.0,0.0,0.0,0.0
Mira Sorvino,2023-12-05,Q212026,1.0,1.0,1.0,1.0
Mirai Nagasu,2018-05-21,Q628161,0.0,0.0,0.0,0.0
Mischa Barton,2016-05-23,Q207458,0.0,0.0,0.0,0.0
Misty May-Treanor,2008-11-24,Q182106,1.0,1.0,1.0,1.0
Monica Aldama,2020-11-23,Q83688538,0.0,0.0,0.0,0.0
Monica Seles,2008-05-19,Q173633,6.0,6.0,5.0,1.0
Monique Coleman,2006-11-14,Q230194,0.0,0.0,0.0,0.0
Mr. T,2017-05-22,Q295107,1.0,0.0,0.0,0.0
Mya,2009-11-23,Q836,1.0,1.0,0.0,1.0
Nancy Grace,2011-11-21,Q451839,0.0,0.0,0.0,0.0
Nancy Kerrigan,2017-05-22,Q239988,0.0,0.0,0.0,0.0
Nancy McKeon,2018-11-19,Q2779246,0.0,0.0,0.0,0.0
Nastia Liukin,2015-05-18,Q230164,0.0,0.0,0.0,0.0
Natalie Coughlin,2009-11-23,Q229937,1.0,1.0,1.0,1.0
NeNe Leakes,2014-05-19,Q6983877,0.0,0.0,0.0,0.0
Nelly,2020-11-23,Q1749410,0.0,0.0,0.0,0.0
Nev Schulman,2020-11-23,Q15142015,0.0,0.0,0.0,0.0
Nick Carter,2015-11-23,Q338748,0.0,0.0,0.0,0.0
Nick Lachey,2017-11-20,Q356109,0.0,0.0,0.0,0.0
Nick Viall,2017-05-22,Q29000519,0.0,0.0,0.0,0.0
"Nicole ""Snooki"" Polizzi",2013-11-25,Q864408,1.0,0.0,0.0,0.0
Nicole Scherzinger,2010-05-24,Q167696,2.0,2.0,0.0,1.0
Niecy Nash,2010-05-24,Q4328437,3.0,2.0,0.0,0.6666666666666666
Nikki Bella,2017-11-20,Q3876871,2.0,0.0,0.0,0.0
Nikki Glaser,2018-11-19,Q7035226,0.0,0.0,0.0,0.0
Noah Galloway,2015-05-18,Q19666198,0.0,0.0,0.0,0.0
Normani,2017-05-22,Q126974536,0.0,0.0,0.0,0.0
Nyle DiMarco,2016-05-23,Q21005632,1.0,1.0,1.0,1.0
Olivia Jade,2021-11-22,Q62065482,0.0,0.0,0.0,0.0
Paige VanZant,2016-05-23,Q10343583,0.0,0.0,0.0,0.0
Pamela Anderson,2012-11-26,Q83325,3.0,3.0,3.0,1.0
Patti LaBelle,2015-05-18,Q31013,1.0,0.0,0.0,0.0
Paula Deen,2015-11-23,Q3071037,1.0,0.0,0.0,0.0
Paulina Porizkova,2007-05-21,Q236154,1.0,1.0,0.0,1.0
Penn Jillette,2008-05-19,Q4129653,2.0,2.0,2.0,1.0
Petra Nemcova,2011-05-23,Q235496,0.0,0.0,0.0,0.0
Phaedra Parks,2024-11-26,Q23417034,0.0,0.0,0.0,0.0
Priscilla Presley,2008-05-19,Q234773,0.0,0.0,0.0,0.0
Rachel Hunter,2005-07-06,Q259993,0.0,0.0,0.0,0.0
Ralph Macchio,2011-05-23,Q73346,0.0,0.0,0.0,0.0
Randy Couture,2014-11-24,Q352733,0.0,0.0,0.0,0.0
Rashad Jennings,2017-05-22,Q3930379,0.0,0.0,0.0,0.0
Ray Lewis,2019-11-25,Q44428,1.0,0.0,0.0,0.0
Redfoo,2015-05-18,Q2938630,0.0,0.0,0.0,0.0
Reginald VelJohnson,2024-11-26,Q470153,0.0,0.0,0.0,0.0
Rick Fox,2010-11-22,Q124650690,0.0,0.0,0.0,0.0
Rick Perry,2016-11-21,Q215057,3.0,1.0,1.0,0.3333333333333333
Ricki Lake,2011-11-21,Q40128,2.0,2.0,1.0,1.0
Riker Lynch,2015-05-18,Q3935797,0.0,0.0,0.0,0.0
Rob Kardashian,2011-11-21,Q26318,0.0,0.0,0.0,0.0
Robert Herjavec,2015-05-18,Q324370,0.0,0.0,0.0,0.0
Robert Irwin,2025-11-25,Q7345814,2.0,1.0,1.0,0.5
Rocco DiSpirito,2008-11-24,Q14946761,0.0,0.0,0.0,0.0
Romeo,2011-05-23,Q1069139,0.0,0.0,0.0,0.0
Roshon Fegan,2012-05-21,Q507999,0.0,0.0,0.0,0.0
Rumer Willis,2015-05-18,Q234566,0.0,0.0,0.0,0.0
Ryan Lochte,2016-11-21,Q201517,0.0,0.0,0.0,0.0
Sabrina Bryan,2012-11-26,Q256708,0.0,0.0,0.0,0.0
Sadie Robertson,2014-11-24,Q16226085,0.0,0.0,0.0,0.0
Sailor Brinkley-Cook,2019-11-25,Q22996290,0.0,0.0,0.0,0.0
Sam Champion,2022-11-21,Q114992664,0.0,0.0,0.0,0.0
Sara Evans,2006-11-14,Q463989,0.0,0.0,0.0,0.0
Sasha Pieterse,2017-11-20,Q238712,0.0,0.0,0.0,0.0
Scott Hoying,2025-11-25,Q23009146,0.0,0.0,0.0,0.0
Sean Avery,2014-05-19,Q725726,0.0,0.0,0.0,0.0
Sean Lowe,2013-05-20,Q7441167,0.0,0.0,0.0,0.0
Sean Spicer,2019-11-25,Q27829251,0.0,0.0,0.0,0.0
Selma Blair,2022-11-21,Q264748,1.0,1.0,1.0,1.0
Shandi Finnessey,2007-05-21,Q2632936,0.0,0.0,0.0,0.0
Shangela,2022-11-21,Q7488379,0.0,0.0,0.0,0.0
Shanna Moakler,2006-11-14,Q258736,1.0,1.0,1.0,1.0
Shannen Doherty,2010-05-24,Q207598,2.0,2.0,2.0,1.0
Shannon Elizabeth,2008-05-19,Q228882,0.0,0.0,0.0,0.0
Shawn Johnson,2012-11-26,Q229044,0.0,0.0,0.0,0.0
Sherri Sheperd,2012-05-21,QID_NOT_FOUND,0.0,0.0,0.0,0.0
Simone Biles,2017-05-22,Q7520267,7.0,6.0,2.0,0.8571428571428571
Skai Jackson,2020-11-23,Q297724,0.0,0.0,0.0,0.0
Stacy Keibler,2006-02-23,Q238407,0.0,0.0,0.0,0.0
Stephen Nedoroscik,2024-11-26,Q107328953,0.0,0.0,0.0,0.0
Steve Guttenberg,2008-05-19,Q318685,1.0,0.0,0.0,0.0
Steve Wozniak,2009-05-18,Q483382,7.0,7.0,5.0,1.0
Steve-O,2009-05-18,Q451501,0.0,0.0,0.0,0.0
Sugar Ray Leonard,2011-05-23,Q335798,1.0,1.0,1.0,1.0
Suni Lee,2021-11-22,Q59484397,1.0,1.0,1.0,1.0
Susan Lucci,2008-11-24,Q242936,12.0,9.0,7.0,0.75
Suzanne Somers,2015-05-18,Q242939,1.0,0.0,0.0,0.0
Tamar Braxton,2015-11-23,Q437375,1.0,1.0,1.0,1.0
Tatum O'Neal,2006-02-23,Q230138,2.0,2.0,2.0,1.0
Tavis Smiley,2014-11-24,Q164382,1.0,0.0,0.0,0.0
Ted McGinley,2008-11-24,Q617641,0.0,0.0,0.0,0.0
Teresa Giudice,2022-11-21,Q7702149,0.0,0.0,0.0,0.0
Terra Jole,2016-11-21,Q18340461,0.0,0.0,0.0,0.0
Terrell Owens,2017-11-20,Q1395269,1.0,0.0,0.0,0.0
The Situation,2010-11-22,Q3856268,0.0,0.0,0.0,0.0
Tia Carrere,2006-02-23,Q286570,1.0,1.0,0.0,1.0
Tinashe,2018-11-19,Q434745,0.0,0.0,0.0,0.0
Tom DeLay,2009-11-23,Q180390,0.0,0.0,0.0,0.0
Tommy Chong,2014-11-24,Q369174,0.0,0.0,0.0,0.0
Toni Braxton,2008-11-24,Q155412,2.0,2.0,1.0,1.0
Tonya Harding,2018-05-21,Q236278,0.0,0.0,0.0,0.0
Tori Spelling,2024-11-26,Q229050,1.0,1.0,1.0,1.0
Trevor Donovan,2022-11-21,Q716071,0.0,0.0,0.0,0.0
Trista Sutter,2005-07-06,Q3734625,0.0,0.0,0.0,0.0
Tucker Carlson,2006-11-14,Q743162,2.0,2.0,0.0,1.0
Ty Murray,2009-05-18,Q14249324,1.0,1.0,1.0,1.0
Tyson Beckford,2023-12-05,Q738212,0.0,0.0,0.0,0.0
Valerie Harper,2013-11-25,Q239293,8.0,8.0,8.0,1.0
Vanessa Lachey,2017-11-20,Q270638,0.0,0.0,0.0,0.0
Vanilla Ice,2016-11-21,Q313578,5.0,5.0,5.0,1.0
Veron Davis,2020-11-23,QID_NOT_FOUND,0.0,0.0,0.0,0.0
Victor Espinoza,2015-11-23,Q7925891,2.0,2.0,2.0,1.0
Victor Ortiz,2013-05-20,Q423205,0.0,0.0,0.0,0.0
Victoria Arlen,2017-11-20,Q7926560,0.0,0.0,0.0,0.0
Vinny Guadagnino,2022-11-21,Q4013318,0.0,0.0,0.0,0.0
Vivica A. Fox,2006-11-14,Q220396,0.0,0.0,0.0,0.0
Von Miller,2016-05-23,Q83384212,0.0,0.0,0.0,0.0
Wanya Morris,2016-05-23,Q2548555,0.0,0.0,0.0,0.0
Warren Sapp,2008-11-24,Q180342,4.0,3.0,3.0,0.75
Wayne Brady,2022-11-21,Q1397155,2.0,1.0,0.0,0.5
Wayne Newton,2007-11-26,Q552806,4.0,1.0,1.0,0.25
Wendy Williams,2011-05-23,Q618233,3.0,0.0,0.0,0.0
Whitney Leavitt,2025-11-25,Q130278036,0.0,0.0,0.0,0.0
Willa Ford,2006-11-14,Q262396,0.0,0.0,0.0,0.0
William Levy,2012-05-21,Q559403,0.0,0.0,0.0,0.0
Willow Shields,2015-05-18,Q259144,0.0,0.0,0.0,0.0
Wynonna Judd,2013-05-20,Q465130,0.0,0.0,0.0,0.0
Xochitl Gomez,2023-12-05,Q102427314,2.0,2.0,2.0,1.0
Zendaya,2013-05-20,Q189489,11.0,11.0,0.0,1.0
