celebrity_name,qid
AJ McLean,Q313408
Aaron Carter,Q301818
Adam Carolla,Q4119
Adam Rippon,Q350722
Adrian Peterson,Q100899846
Aiden Turner,Q403999
Albert Reed,Q4711088
Alek Skarlatos,Q21055237
Alexa PenaVega,Q152555
Alexandra Raisman,Q238663
Alexis Ren,Q18637906
Alfonso Ribeiro,Q447691
Alix Earle,Q121422393
Ally Brooke,Q22965780
Alyson Hannigan,Q199927
Amanda Kloots,Q102193042
Amber Riley,Q230420
Amber Rose,Q456943
Amy Purdy,Q4749355
Andy Dick,Q367094
Andy Grammer,Q4299814
Andy Richter,Q497851
Anna Delvey,Q55080956
Anne Heche,Q234610
Antonio Brown,Q4776474
Antonio Sabato Jr.,Q379461
Apolo Anton Ohno,Q329738
Ariana Madix,Q64852987
Arike Ogunbowale,Q51858305
Audrina Patridge,Q239595
Babyface,Q344983
Barbara Corcoran,Q4858830
Baron Davis,Q313486
Barry Williams,Q121299255
Belinda Carlisle,Q233959
Bethany Mota,Q16769657
Betsey Johnson,Q467665
Bill Engvall,Q4908906
Bill Nye,Q2619019
Billy Dee Williams,Q358345
Billy Ray Cyrus,Q231259
Bindi Irwin,Q2423081
Bobby Bones,Q17385667
Bonner Bolton,Q28976368
Brandy,Q690974
Brant Daugherty,Q1992569
Brian Austin Green,Q313311
Bristol Palin,Q2190766
Brooke Burke,Q439927
Brooks Nader,Q118558462
Buzz Aldrin,Q2252
Cameron Mathison,Q3651353
Candace Cameron Bure,Q235694
Carlos PenaVega,Q26053
Carole Baskin,Q88495947
Carson Kressley,Q2470009
Chad Ochocinco,Q471833
Chaka Khan,Q229498
Chandler Kinney,Q22670597
Charity Lawson,Q117138689
Charles Oakley,Q608514
Charli D'Amelio,Q83648587
Charlie White,Q512025
Charlotte McKinney,Q19571502
Charo,Q453949
Chaz Bono,Q979387
Chelsea Kane,Q119541149
Cheryl Ladd,Q218884
Chris Jericho,Q44144
Chris Kattan,Q741909
Chris Mazdzer,Q937658
Chris Soules,Q19867926
Chrishell Stause,Q5108579
Christina Milian,Q230501
Christine Chiu,Q105491159
Chuck Liddell,Q380050
Chuck Wicks,Q2967614
Chynna Phillips,Q3676126
Cloris Leachman,Q230131
Clyde Drexler,Q295340
Cody Linley,Q313660
Cody Rigsby,Q109670980
Cody Simpson,Q314319
Corbin Bleu,Q4617
Corey Feldman,Q375419
Cristian de la Fuente,Q266788
D. L. Hughley,Q536308
Danelle Umstead,Q5215881
Danica McKellar,Q242949
Daniel Durant,Q22046533
Danielle Fishel,Q129208
Danny Amendola,Q3702263
David Alan Grier,Q562596
David Arquette,Q294185
David Hasselhoff,Q201927
David Ross,Q111045274
DeMarcus Ware,Q2761454
Debbie Gibson,Q233817
Debi Mazar,Q238671
Denise Richards,Q206833
Derek Fisher,Q105670147
Diana Nyad,Q5271254
Donald Driver,Q1093571
Donny Osmond,Q386053
Dorothy Hamill,Q262573
Doug Flutie,Q1251736
Drew Carey,Q357402
Drew Lachey,Q5307215
Drew Scott,Q108052859
Dwight Howard,Q25278
Dylan Efron,Q104902550
Elaine Hendrix,Q271620
Elisabetta Canalis,Q287122
Elizabeth Berkley Lauren,Q129831
Emmitt Smith,Q1338802
Eric Roberts,Q207969
Erika Jayne,Q867257
Erin Andrews,Q2743544
Evan Lysacek,Q299225
Evander Holyfield,Q313451
Evanna Lynch,Q211730
Florence Henderson,Q452749
Floyd Mayweather Jr.,Q318204
Frankie Muniz,Q310275
Gabby Windey,Q111171299
Gary Busey,Q312081
Gavin DeGraw,Q337722
George Hamilton,Q359416
Geraldo Rivera,Q1368995
Gilles Marini,Q181997
Ginger Zee,Q5563073
Giselle Fernandez,Q3107767
Gladys Knight,Q235952
Hannah Brown,Q89158989
Harry Hamlin,Q567830
Harry Jowsey,Q124809467
Hayes Grier,Q17411181
Heather Mills,Q128805805
Heather Morris,Q107148555
Heidi D'Amelio,Q100791818
Helio Castroneves,Q454058
Hilaria Baldwin,Q24702913
Hines Ward,Q482838
Holly Madison,Q229948
Hope Solo,Q229619
Ian Ziering,Q352233
Ilona Maher,Q106086464
Iman Shumpert,Q716081
Ingo Rademacher,Q6032887
J.R. Martinez,Q3246618
Jack Osbourne,Q108844845
Jack Wagner,Q1293637
Jacoby Jones,Q3805829
Jake Pavelka,Q6124907
Jake T. Austin,Q312521
Jaleel White,Q358306
James Hinchcliffe,Q1360560
James Maslow,Q26058
James Van Der Beek,Q313392
Jamie Anderson,Q108540337
Jamie Lynn Spears,Q55497
Jana Kramer,Q263670
Jane Seymour,Q123849
Janel Parrish,Q242418
Jason Lewis,Q27322
Jason Mraz,Q192515
Jason Taylor,Q110442797
Jeannie Mai,Q3176267
Jeffrey Ross,Q125268398
Jen Affleck,Q130278045
Jenn Tran,Q125150795
Jennie Finch Daigle,Q2406028
Jennie Garth,Q230015
Jennifer Grey,Q232927
Jerry Rice,Q505423
Jerry Springer,Q27214
Jesse Metcalfe,Q317740
Jessie James Decker,Q436276
Jimmie Allen,Q55584464
JoJo Siwa,Q24174947
Joanna Krupa,Q266525
Jodie Sweetin,Q236861
Joe Amabile,Q102993171
Joey Fatone,Q1640877
Joey Graziadei,Q123469653
Joey Lawrence,Q550395
Joey McIntyre,Q740877
John O'Hurley,Q3142953
John Ratzenberger,Q374093
John Schneider,Q286642
Johnny Damon,Q25720
Johnny Weir,Q352193
Jonathan Bennett,Q3738153
Jordan Chiles,Q17486476
Jordan Fisher,Q19955856
Jordin Sparks,Q215300
Joseph Baena,Q23800185
Josh Norman,Q3810322
Josie Maran,Q241025
Juan Pablo Di Pace,Q6300659
Justina Machado,Q270382
Kaitlyn Bristowe,Q20090345
Karamo Brown,Q44870529
Kareem Abdul-Jabbar,Q179051
Kate Flannery,Q3028200
Kate Gosselin,Q2618072
Katherine Jenkins,Q272581
Kathy Ireland,Q262490
Kel Mitchell,Q2657882
Kellie Pickler,Q234445
Kelly Monaco,Q451861
Kelly Osbourne,Q231182
Kendra Wilkinson,Q231744
Kenny Mayne,Q6391145
Kenya Moore,Q447710
Keyshawn Johnson,Q2081596
Kim Fields,Q772031
Kim Kardashian,Q186304
Kim Zolciak-Biermann,Q4193709
Kirstie Alley,Q151935
Kristi Yamaguchi,Q237651
Kristin Cavallari,Q242802
Kurt Warner,Q945750
Kyle Massey,Q441362
Laila Ali,Q255099
Lamar Odom,Q296403
Lance Bass,Q443120
Lauren Alaina,Q271796
Lauren Jauregui,Q18921974
Laurie Hernandez,Q15710550
Lawrence Taylor,Q102302592
Lea Thompson,Q230605
Leah Remini,Q242580
Leeza Gibbons,Q512367
Lele Pons,Q12297196
Lil' Kim,Q229379
Lindsey Stirling,Q128667
Lisa Rinna,Q239576
Lisa Vanderpump,Q15040601
Lolo Jones,Q466911
Louie Vito,Q3260258
Macy Gray,Q232456
Margaret Cho,Q257243
Maria Menounos,Q233618
Marie Osmond,Q465641
Marilu Henner,Q270747
Mario,Q3362622
Mario Lopez,Q372559
Marissa Jaret Winokur,Q459363
Mark Cuban,Q318503
Mark Dacascos,Q314200
Marla Maples,Q2597050
Marlee Matlin,Q213287
Martin Kove,Q508795
Martina Navratilova,Q54545
Mary Lou Retton,Q235975
Mary Wilson,Q2302368
Master P,Q722042
Matt James,Q116496896
Matt Walsh,Q2278533
Maureen McCormick,Q454374
Maurice Greene,Q296309
Mauricio Umansky,Q22078255
Mel B,Q349690
Melanie C,Q151830
Melissa Gilbert,Q230929
Melissa Joan Hart,Q429777
Melissa Rycroft,Q2112258
Melora Hardin,Q269901
Meryl Davis,Q242921
Michael Bolton,Q312514
Michael Irvin,Q952676
Michael Sam,Q112664519
Michael Waltrip,Q946057
"Mike ""The Miz"" Mizanin",Q44379
Mike Catherwood,Q16206306
Milo Manheim,Q47540917
Mira Sorvino,Q212026
Mirai Nagasu,Q628161
Mischa Barton,Q207458
Misty May-Treanor,Q182106
Monica Aldama,Q83688538
Monica Seles,Q173633
Monique Coleman,Q230194
Mr. T,Q295107
Mya,Q836
Nancy Grace,Q451839
Nancy Kerrigan,Q239988
Nancy McKeon,Q2779246
Nastia Liukin,Q230164
Natalie Coughlin,Q229937
NeNe Leakes,Q6983877
Nelly,Q1749410
Nev Schulman,Q15142015
Nick Carter,Q338748
Nick Lachey,Q356109
Nick Viall,Q29000519
"Nicole ""Snooki"" Polizzi",Q864408
Nicole Scherzinger,Q167696
Niecy Nash,Q4328437
Nikki Bella,Q3876871
Nikki Glaser,Q7035226
Noah Galloway,Q19666198
Normani,Q126974536
Nyle DiMarco,Q21005632
Olivia Jade,Q62065482
Paige VanZant,Q10343583
Pamela Anderson,Q83325
Patti LaBelle,Q31013
Paula Deen,Q3071037
Paulina Porizkova,Q236154
Penn Jillette,Q4129653
Petra Nemcova,Q235496
Phaedra Parks,Q23417034
Priscilla Presley,Q234773
Rachel Hunter,Q259993
Ralph Macchio,Q73346
Randy Couture,Q352733
Rashad Jennings,Q3930379
Ray Lewis,Q44428
Redfoo,Q2938630
Reginald VelJohnson,Q470153
Rick Fox,Q124650690
Rick Perry,Q215057
Ricki Lake,Q40128
Riker Lynch,Q3935797
Rob Kardashian,Q26318
Robert Herjavec,Q324370
Robert Irwin,Q7345814
Rocco DiSpirito,Q14946761
Romeo,Q1069139
Roshon Fegan,Q507999
Rumer Willis,Q234566
Ryan Lochte,Q201517
Sabrina Bryan,Q256708
Sadie Robertson,Q16226085
Sailor Brinkley-Cook,Q22996290
Sam Champion,Q114992664
Sara Evans,Q463989
Sasha Pieterse,Q238712
Scott Hoying,Q23009146
Sean Avery,Q725726
Sean Lowe,Q7441167
Sean Spicer,Q27829251
Selma Blair,Q264748
Shandi Finnessey,Q2632936
Shangela,Q7488379
Shanna Moakler,Q258736
Shannen Doherty,Q207598
Shannon Elizabeth,Q228882
Shawn Johnson,Q229044
Simone Biles,Q7520267
Skai Jackson,Q297724
Stacy Keibler,Q238407
Stephen Nedoroscik,Q107328953
Steve Guttenberg,Q318685
Steve Wozniak,Q483382
Steve-O,Q451501
Sugar Ray Leonard,Q335798
Suni Lee,Q59484397
Susan Lucci,Q242936
Suzanne Somers,Q242939
Tamar Braxton,Q437375
Tatum O'Neal,Q230138
Tavis Smiley,Q164382
Ted McGinley,Q617641
Teresa Giudice,Q7702149
Terra Jole,Q18340461
Terrell Owens,Q1395269
The Situation,Q3856268
Tia Carrere,Q286570
Tinashe,Q434745
Tom DeLay,Q180390
Tommy Chong,Q369174
Toni Braxton,Q155412
Tonya Harding,Q236278
Tori Spelling,Q229050
Trevor Donovan,Q716071
Trista Sutter,Q3734625
Tucker Carlson,Q743162
Ty Murray,Q14249324
Tyson Beckford,Q738212
Valerie Harper,Q239293
Vanessa Lachey,Q270638
Vanilla Ice,Q313578
Victor Espinoza,Q7925891
Victor Ortiz,Q423205
Victoria Arlen,Q7926560
Vinny Guadagnino,Q4013318
Vivica A. Fox,Q220396
Von Miller,Q83384212
Wanya Morris,Q2548555
Warren Sapp,Q180342
Wayne Brady,Q1397155
Wayne Newton,Q552806
Wendy Williams,Q618233
Whitney Leavitt,Q130278036
Willa Ford,Q262396
William Levy,Q559403
Willow Shields,Q259144
Wynonna Judd,Q465130
Xochitl Gomez,Q102427314
Zendaya,Q189489
