celebrity_name,ci_width_mean,ci_width_median,ci_width_std,cv_mean,cv_median,cv_std,season,n_obs
AJ McLean,0.00669258680758909,0.0043342876190926,0.004888451756274514,0.020036081693367857,0.0142931988901794,0.012707109756038736,29,9
Aaron Carter,0.03897564670892255,0.0400606013763141,0.005541365561598616,0.11263287363549587,0.11560165389539465,0.007652762671134772,9,8
Adam Carolla,0.025644873803877852,0.024799176556151402,0.0024013047517625684,0.0898110723078444,0.08985169276222224,0.001255957257721002,6,4
Adam Rippon,0.07158666780980365,0.07038646445114599,0.02229831392001814,0.08615150230777785,0.0862661689544496,0.004496321080299095,26,4
Adrian Peterson,0.012255021413294698,0.0119966432476539,0.0032902740757862438,0.04057861101928978,0.0415090624106563,0.008355859113128227,32,4
Aiden Turner,0.0239199050250636,0.0234560744307142,0.003098021822360622,0.08416532419110093,0.0842503122120256,0.0025697657095400056,10,4
Albert Reed,0.02294662535200695,0.02294662535200695,0.00030723425850364805,0.0897405831249517,0.0897405831249517,0.00021550971611583684,5,2
Alek Skarlatos,0.05640003005250542,0.0530532331275442,0.0196154357274678,0.10494366602403375,0.1053810401304834,0.004571028924691151,21,11
Alexa PenaVega,0.029485511675719764,0.0297663722957302,0.004511902804109189,0.09068743455925961,0.0928013963369233,0.006457559892291042,21,9
Alexandra Raisman,0.07141267798096376,0.07336172602395055,0.024385609576428564,0.11318274675105837,0.11613763785319689,0.007297682050812697,16,10
Alexis Ren,0.06497321270594984,0.06547995753499,0.015355859097108075,0.1078983364302962,0.1078701843350878,0.010473407725956362,27,9
Alfonso Ribeiro,0.056324535549111786,0.0569045160242533,0.0149697325983677,0.09954561287031537,0.1005421089082843,0.008238696688387033,19,11
Alix Earle,0.007624687897345373,0.0048638816050813,0.007422014226862622,0.017328135686113418,0.0135158481963256,0.010416727795045213,34,11
Ally Brooke,0.008846323787692538,0.0050803823552634,0.009852784317915426,0.016972572211325546,0.0124769990542314,0.012493090542481303,28,11
Alyson Hannigan,0.011196026588192291,0.0063742713973625,0.011436206474865589,0.020892261066889208,0.0188159785747129,0.01144989644644373,32,11
Amanda Kloots,0.0073467925811166995,0.00459693190804715,0.007539130487884274,0.01644818133135268,0.01225510307757675,0.010390450559214105,30,10
Amber Riley,0.055835532340368796,0.0579179590944929,0.014867066845393639,0.10588783210207246,0.1069096617462083,0.008333999178473342,17,11
Amber Rose,0.02206053903950195,0.0225159338225106,0.0014561464122475707,0.07907076853816801,0.0793014678970749,0.001874188446169068,23,6
Amy Purdy,0.05165684110987025,0.05039689553312385,0.014835213319033862,0.08651822035772436,0.0866241159965046,0.003538486202750286,18,10
Andy Dick,0.02922563691689494,0.0306317152784047,0.003028503920777571,0.09616083185484428,0.0996583947555518,0.006307866832244109,16,7
Andy Grammer,0.02683934136358291,0.026870094579375947,0.004465256683847392,0.08100492257884519,0.08188870024538289,0.006088071074622894,21,8
Andy Richter,0.010239624158212078,0.0102231385850363,0.002834409145648857,0.026944466416254257,0.0278769983958282,0.006108138929118786,34,9
Anna Delvey,0.00839373067214915,0.00839373067214915,0.0017647317881276886,0.03518270669139435,0.03518270669139435,0.007619764417496237,33,2
Anne Heche,0.0108623962842126,0.0099175035536474,0.002213500653063447,0.04397303404784282,0.04010644775795355,0.009450862949322974,29,4
Antonio Brown,0.039980483040940214,0.0401281379673606,0.007465815629054852,0.10897759066895694,0.1046673524704395,0.014853442876479106,22,9
Antonio Sabato Jr.,0.029292792812637698,0.0300406254326124,0.004781810453581917,0.11424409259748138,0.1172522120014906,0.013182062522030271,19,7
Apolo Anton Ohno,0.05822123102149244,0.0545613705299455,0.01762719456759268,0.12497286518290786,0.1253595504111575,0.022497188241672836,15,19
Ariana Madix,0.011685472622956765,0.0055564772061812,0.014143290404505364,0.021631303328937118,0.0152397492414141,0.0158440581749585,32,11
Arike Ogunbowale,0.02670410649899715,0.02670410649899715,0.0009989066544850538,0.09199083081326445,0.09199083081326445,0.00316095391542169,26,2
Ashley Hamiliton,0.0187649806870765,0.0187649806870765,,0.0978009120726538,0.0978009120726538,,9,1
Audrina Patridge,0.02769383288583865,0.027794854720880252,0.0030927083567443177,0.08900057538737217,0.08890342354036665,0.005780657051814193,11,6
Babyface,0.01912511161535595,0.0187144286004579,0.0026300540646398717,0.0800560006119627,0.07949052398660675,0.002891724282302901,23,4
Barbara Corcoran,0.0195713292454621,0.0195713292454621,0.002269972579250012,0.09481374171375376,0.09481374171375376,0.0007456265711911704,25,2
Baron Davis,0.0067467942239983,0.0067467942239983,0.0023202842790463305,0.0332553597196994,0.0332553597196994,0.004755887397957372,34,2
Barry Williams,0.007488512927735801,0.0070082358321692,0.002011181497563353,0.019908656050017636,0.0203923643773538,0.00454515219139048,32,8
Belinda Carlisle,0.01651696304578125,0.01651696304578125,0.0020613053503408833,0.08117522817083905,0.08117522817083905,0.00013332389452361523,8,2
Bethany Mota,0.0662501899602582,0.0640432236073047,0.018887953255914552,0.1061111050796335,0.1061407765163446,0.0075320590713734035,19,11
Betsey Johnson,0.0217374993712792,0.0219073655179269,0.0025798060059016126,0.0904663531295925,0.0894795651213509,0.004045790671202413,19,4
Bill Engvall,0.06222756224134196,0.0654818375564031,0.0177597569217245,0.10301680186206404,0.1037885193187924,0.006876864683839291,17,11
Bill Nye,0.020634636099837667,0.0193801760792046,0.0021918227637563446,0.09395669161495346,0.0940272416966983,0.0019383401396387385,17,3
Billy Dee Williams,0.0346532838501957,0.0346532838501957,0.002678685672896829,0.09494444452525555,0.09494444452525555,0.0007328780237917534,18,2
Billy Ray Cyrus,0.04140435762051445,0.04178123943995265,0.005705610982047767,0.10360881686134422,0.10474470193960339,0.007016301474429091,4,8
Bindi Irwin,0.06599882836675836,0.0630723576366402,0.02007357839976999,0.11333283396432518,0.1162534248429641,0.007057558692932484,21,11
Bobby Bones,0.07148871011427549,0.0715397117420042,0.015617206882141266,0.11495309952504977,0.1151805723791905,0.012436084425719448,27,9
Bonner Bolton,0.03142655813800061,0.0311968699775381,0.003394096898888948,0.09305910205582368,0.09473736433880839,0.008210376732159649,24,8
Brandy,0.04784176087638063,0.0460935756156083,0.007117874722463326,0.11097896928991197,0.1147763459561587,0.007490321538690082,11,9
Brant Daugherty,0.029117804309638312,0.03071915352927355,0.004380936978544356,0.08653643382786648,0.0893041253372274,0.008668108907407292,17,8
Brian Austin Green,0.008593103795698975,0.008401105773086,0.002167536006406099,0.034521746758592424,0.0313602672906798,0.0073140783255877,30,4
Bristol Palin,0.05140626888896944,0.049679419957719545,0.026051071141248824,0.09020049908379454,0.08989996617282175,0.00755086736082114,15,14
Brooke Burke,0.07862215965554989,0.07648093266305506,0.026368138142425605,0.1008016733310964,0.10215391488418779,0.010610162334326682,7,10
Brooks Nader,0.0087926392048967,0.00920597298985565,0.0032606196410484654,0.028648177978706075,0.0293087977443103,0.012230945012189015,33,4
Buzz Aldrin,0.023522243051760938,0.0219482068634988,0.00335983367123448,0.08424759075895587,0.0838467622931755,0.0024340620463486995,10,3
Calvin Johnson Jr.,0.06266294820444979,0.0604658115601373,0.01895070931222728,0.10845355049853916,0.1098866135538399,0.008526967094586255,23,11
Cameron Mathison,0.04011458472279604,0.03881266228368005,0.004529176940692649,0.09899225802191627,0.1018224879007783,0.010162627458601666,5,8
Candace Cameron Bure,0.05113099595662916,0.05025148399898205,0.014105598500316343,0.08889065114003955,0.08992500296057351,0.003967640321913475,18,10
Carlos PenaVega,0.06889763955964524,0.0653592414586814,0.02213055569224793,0.11290142396954356,0.114761633622424,0.006234081106617607,21,11
Carole Baskin,0.0117514941990435,0.0102657930277779,0.003980175161141837,0.0532912678389744,0.0471441470224073,0.017468530144010595,29,3
Carson Kressley,0.02606074426458374,0.0259752153773271,0.004221187834521387,0.08798682606089489,0.0853373299047236,0.004830571373429426,13,5
Chad Ochocinco,0.049319069047824265,0.0479490497247506,0.008654209829200748,0.10834904977715601,0.1105390090751892,0.0068425041536437576,10,9
Chaka Khan,0.0180366709495397,0.0180366709495397,0.0019565071478886303,0.087765881687893,0.087765881687893,0.00026029643183275123,21,2
Chandler Kinney,0.013551712502494824,0.0092024553666978,0.013110702308856942,0.024350959690624178,0.0166409079179501,0.017238192137008407,33,9
Charity Lawson,0.009828345393829908,0.0046827962278445,0.011209507514212062,0.0192732632576723,0.0109351076082816,0.014415729571306777,32,11
Charles Oakley,0.011084395718895,0.011084395718895,0.0027097647040809528,0.0624721598382296,0.0624721598382296,0.008612893228086279,29,2
Charli D'Amelio,0.00717925501087861,0.00426356730588265,0.009421745649786643,0.013705615425319109,0.011086773511834049,0.007353762276025222,31,10
Charlie White,0.03947116877607371,0.0387085475363345,0.004276887047052468,0.09914424790504701,0.1014828315905916,0.006128226100371598,18,9
Charlotte McKinney,0.01852711968634223,0.0173320808317927,0.002524266299083505,0.0834852907368937,0.0838223465906425,0.001355615140374242,20,3
Charo,0.0225294314391183,0.0214664707755537,0.0033475978222009917,0.09402177174685263,0.0948131647600079,0.0020568493753479918,24,3
Chaz Bono,0.027513396824982935,0.0278721415927958,0.003227206329483586,0.09074171021161322,0.09029677316849805,0.005280440211456959,13,6
Chelsea Kane,0.07097665113350082,0.06654255771741975,0.0259280314064104,0.09751653796911627,0.0970122923563176,0.006646851830906882,12,10
Cheryl Ladd,0.010075484813965533,0.0081896503737076,0.0032982338311448828,0.04799011301785283,0.0417924075775285,0.013536790937518655,31,3
Chris Jericho,0.027195961273767767,0.02744936019914955,0.002739612150739337,0.09019041665913419,0.0911423991027571,0.004198870376628834,12,6
Chris Kattan,0.01958912230174005,0.01958912230174005,0.002505854059417354,0.08672680441317054,0.08672680441317054,7.763151333895156e-05,24,2
Chris Mazdzer,0.04616664564326403,0.0446368103784993,0.004160148960556817,0.13313388940995532,0.1300657732062664,0.014094676006003073,26,3
Chris Soules,0.03947606752779699,0.03922903104907275,0.005906685057022589,0.10464195661212204,0.1063452275778531,0.008070315458707112,20,8
Chrishell Stause,0.00729610299961305,0.0060831848527736505,0.0031356247804642597,0.02250786405570085,0.0190734853935439,0.009732967684615668,29,8
Christina Milian,0.023673300375790858,0.0236321591014816,0.0035168748920434423,0.08897930739953416,0.0871723818267465,0.005242143464959969,17,5
Christine Chiu,0.009670942771522568,0.0089969753836707,0.0031602216594816537,0.0424104672582482,0.0421313318234758,0.01410987455881228,30,3
Chuck Liddell,0.021618991125312924,0.021729578871012997,0.001985562040155714,0.09349510715762173,0.09193874760658416,0.004925258085551275,9,4
Chuck Wicks,0.03310934419815997,0.03137292484604675,0.005515557965128386,0.08990848948288481,0.09061484391690411,0.00832870414339015,8,8
Chynna Phillips,0.026099933379605852,0.025177621023244,0.0036937768175816462,0.08874405467781758,0.08748954887267471,0.003805423519299582,13,4
Cloris Leachman,0.03168777515543273,0.03027159404164865,0.0035617320507963027,0.09167808706694565,0.09002485725803094,0.006802622145197532,7,6
Clyde Drexler,0.027154639442683905,0.0264099970136643,0.0032429599256894853,0.09590808193562769,0.0932873171135247,0.005713268379413652,4,5
Cody Linley,0.046745810213446065,0.0496968855843458,0.00795738960497905,0.10285016353878114,0.1084758665724961,0.00907183512189612,7,9
Cody Rigsby,0.01095878592807708,0.00809847897977125,0.009348144927755602,0.02217891748765827,0.02126484307372855,0.006654040384663601,30,10
Cody Simpson,0.027691507120840442,0.0286948654908617,0.003586850543528131,0.10321100002664954,0.0988343020756237,0.007157754979284717,18,5
Corbin Bleu,0.06412827295212614,0.0661037551199374,0.01812675885122489,0.10913075469519903,0.1113156148909477,0.007705115107442992,17,11
Corey Feldman,0.007486089460051651,0.007486089460051651,0.0014236427948794816,0.03487233063470125,0.03487233063470125,0.003708452937199378,34,2
Cristian de la Fuente,0.07427474437189564,0.0724122773626675,0.024017979479020672,0.10929750707271117,0.10682145757603695,0.010107840904463952,6,10
D. L. Hughley,0.02451012036944116,0.0256654748280144,0.003389521166254315,0.09691476728874913,0.0968395931317779,0.0020396712925784093,16,5
Danelle Umstead,0.0175748248986055,0.0175748248986055,0.0012444045668191074,0.0847720056629369,0.0847720056629369,0.00019260738672730732,27,2
Danica McKellar,0.02949820692532266,0.029331032946544,0.0034571807666807937,0.08762034450829985,0.08758219076068186,0.0051292753619417856,18,8
Daniel Durant,0.006962598347180467,0.0056001817981655,0.0036540857837874044,0.01759707390350408,0.017697761461936,0.0048246453019151975,31,9
Danielle Fishel,0.00787109561986215,0.008088816615839649,0.00239244139177135,0.021938479555804663,0.02269043812914855,0.006553023119064378,34,8
Danny Amendola,0.013118994624940745,0.0090019997957535,0.0117354586361933,0.023398689932557566,0.0179673461375286,0.015211429823034955,33,9
David Alan Grier,0.02075547550293782,0.0213477063831976,0.002737212724270627,0.09459183326706966,0.0943732177932355,0.00470776621836525,8,5
David Arquette,0.030539228852226114,0.0299670952551874,0.002781318750789847,0.08936229584586883,0.0905095236392682,0.00565627444698797,13,7
David Hasselhoff,0.019161180265224,0.019161180265224,,0.0791441611701482,0.0791441611701482,,11,1
David Ross,0.0693072669169679,0.06513837505445119,0.024758571996613195,0.10164958784877495,0.10222485257003086,0.008867015399032214,24,10
DeMarcus Ware,0.031837597205092896,0.0325703934433398,0.0032893083471608343,0.10657032051353324,0.1062290924529105,0.0067018237955274226,27,7
Debbie Gibson,0.019841160359392852,0.019841160359392852,0.002569171897845621,0.0941266111937743,0.0941266111937743,0.000490009450676578,25,2
Debi Mazar,0.0210464461772543,0.0205799377939741,0.001971216789424466,0.0951237615265826,0.0946187157847636,0.0030252938226818203,9,3
Denise Richards,0.02269591873676807,0.0212989143415671,0.0029679711217919075,0.09534363981470863,0.0962536666916881,0.0022469330756506173,8,3
Derek Fisher,0.019900456386342174,0.019878506728365247,0.0029377382863462723,0.08828825121126517,0.0878301128083905,0.0029150252137298675,25,4
Diana Nyad,0.0207423483832363,0.0207423483832363,,0.0911055703132115,0.0911055703132115,,18,1
Donald Driver,0.06505378989837243,0.0595111699866972,0.02071623067107183,0.09400738700741083,0.09559928267211601,0.010336060418267125,14,10
Donny Osmond,0.06595538954696677,0.05964732310217215,0.02726988186769853,0.10380246161087929,0.1044606937391648,0.010282285941998268,9,10
Dorothy Hamill,0.02447480337188295,0.02447480337188295,2.1077883790957473e-05,0.07695957672681185,0.07695957672681185,0.001053126606811865,16,2
Doug Flutie,0.027262772416284466,0.02795761501628485,0.003357475316950155,0.09544144569189762,0.09625710743103315,0.005369657992346511,22,6
Drew Carey,0.027243799821338666,0.0280928669062007,0.004587121656758571,0.08945491519689158,0.08883384186303214,0.007436191366569945,18,6
Drew Lachey,0.0156688932537167,0.0121607044597502,0.012435123100253275,0.03858949093696517,0.0152739217346528,0.035735876868132024,2,11
Drew Scott,0.046855190162787955,0.0443161871630742,0.015927089421731176,0.08743829121057821,0.08651397852467624,0.004179116939503916,25,10
Dwight Howard ,0.008785372846711843,0.0084603465684554,0.005076501972796243,0.02040374685726773,0.0180863891068134,0.009969135684989914,33,7
Dylan Efron,0.007757337236878718,0.0057827947715251,0.00578574006858832,0.016692466190873934,0.0133668172825884,0.009401205530163817,34,11
Elaine Hendrix,0.008391110417042536,0.0063731558003034,0.006940289049656704,0.019686854484710855,0.0155491865099044,0.009876017751051132,34,11
Elisabetta Canalis,0.02134743585704755,0.02134743585704755,0.0017651948020456858,0.08723327004248821,0.08723327004248821,0.0009705749365664029,13,2
Elizabeth Berkley Lauren,0.034144359611137404,0.0335012633885797,0.004800582480128446,0.10456975653881723,0.1044534671640185,0.005453238613927251,17,9
Emmitt Smith,0.06713653001091709,0.0534058798053608,0.032183459663895665,0.10772486999090562,0.1128373641899688,0.012906873203790921,15,19
Eric Roberts,0.007691043008817033,0.0081768212536682,0.0011148412657705734,0.025268634292745163,0.0276605399757402,0.005526819654588115,33,3
Erika Jayne,0.02679110030078216,0.0269171459022643,0.0035814967979530734,0.09034184817532095,0.0891795971615311,0.0037730794399411798,24,5
Erin Andrews,0.07462282998545065,0.07651554220922124,0.021431788713570803,0.09534506402255223,0.0969037793724917,0.009235215144033167,10,10
Evan Lysacek,0.07834405466279123,0.07364923556733449,0.027583553122792637,0.10279630786329726,0.10250484895112694,0.006667816128085689,10,10
Evander Holyfield,0.026698956575070265,0.0262734297205959,0.0008073033947047096,0.040371606753711736,0.0388620512595193,0.004021427834817735,1,3
Evanna Lynch,0.06199356188291426,0.0603926389873914,0.013476484760631147,0.11314736299426564,0.1098668677294395,0.01016293577308515,27,9
Florence Henderson,0.02991245299366918,0.0304103881796115,0.0030782079456775344,0.10207907895227417,0.100857560087163,0.003511776895375164,11,5
Floyd Mayweather Jr. ,0.023636730486010525,0.02319899908404385,0.002843867929888077,0.09518074907466467,0.0941928559457427,0.0032137874605604544,5,4
Frankie Muniz,0.06307307946923028,0.0610467691134068,0.02227147209380443,0.11103718985413327,0.11118768319412055,0.005848358738303288,25,10
Gabby Windey,0.00854525685496203,0.00591497986331815,0.008684041473836503,0.01726640194618492,0.01597670586502485,0.006990260909947565,31,10
Gary Busey,0.025347578259565177,0.02537426995189285,0.002266662018570005,0.09409394123760932,0.093274604375315,0.001670850389700571,21,4
Gavin DeGraw,0.02369945425011946,0.0237760448971999,0.002821231204510632,0.08673680461967695,0.0847742819349487,0.0034112317772301707,14,5
George Hamilton,0.014469616013515485,0.01325460789511635,0.005873638000926616,0.026309114148922102,0.02595006680900715,0.007303673088029314,2,6
Geraldo Rivera,0.0205563516470012,0.0205563516470012,0.0029232849249038215,0.0829239406345646,0.0829239406345646,0.00020063884280791317,22,2
Gilles Marini,0.048880453694549054,0.0399154265453706,0.020189973252103862,0.09503748670736922,0.0959622134923616,0.00811909979803104,8,19
Ginger Zee,0.0617636306090506,0.05884950548351695,0.017851564492413294,0.09328921798736133,0.09445074727079185,0.009798647950296986,22,10
Giselle Fernandez,0.020549761816776833,0.0222586849705398,0.004073067185038388,0.05799991848329427,0.0593970551997936,0.00927615904892863,2,3
Gladys Knight,0.0242372021649727,0.02517481658660135,0.0030155175069938108,0.08087119949742613,0.0808910995421585,0.004352645302203759,14,6
Hannah Brown,0.010154544628932873,0.0073663803927843,0.00938343531760388,0.018725513692309147,0.0154757423350962,0.010692538073771568,28,11
Harry Hamlin,0.024965280847928466,0.023763498811788,0.0032684025122411454,0.09011246425434023,0.0892101610753205,0.0017962061254447944,3,3
Harry Jowsey,0.008046133562369821,0.0074014381916028,0.002804682212877741,0.0188265844389601,0.0175513816901751,0.0035508730122995073,32,9
Hayes Grier,0.02697585088297317,0.02733000870022,0.004582655800903297,0.0898827940600144,0.092215964139911,0.007883705761803682,21,7
Heather Mills,0.0348066043980012,0.03525860228581565,0.003601525139016422,0.10631984136030041,0.106150645534909,0.005324391460447143,4,6
Heather Morris,0.023311393207483735,0.023434933284289798,0.0022054031816748135,0.08233976877563846,0.08243334753571205,0.004673487922664651,24,6
Heidi D'Amelio,0.00568326264417545,0.0055311546130745,0.0028416571099488404,0.015966358653633002,0.01582863232261325,0.004999659921047032,31,8
Helio Castroneves,0.06004565779941594,0.0579823136608123,0.030637157558703994,0.09400233230410823,0.0890231649785855,0.00909259997939276,15,13
Hilaria Baldwin,0.009968703523886424,0.0094092110775607,0.0018042320267864886,0.03896819462193268,0.03621313053038805,0.007648448254989493,34,4
Hines Ward,0.07074735561979145,0.06812100217725205,0.023130528736138696,0.10837678425442039,0.1088615927811194,0.009841654963998357,12,10
Holly Madison,0.02249777858724895,0.02228602286536,0.0023886438174639943,0.09303379016798688,0.0937858340361812,0.002459489097022177,8,4
Hope Solo,0.0469379180144241,0.0483611102003925,0.008540833590546358,0.10091900719571362,0.1032721105122294,0.008953892892776913,13,9
Ian Ziering,0.0581634693832875,0.0563480001901976,0.009786745202436014,0.12325762927345656,0.1249222781272801,0.008232616025645366,4,9
Ilona Maher,0.014656165421417868,0.0099028100904494,0.014146226425776008,0.02531495014854081,0.0182012234480308,0.015787542701021097,33,9
Iman Shumpert,0.008397108588397689,0.00555377443454445,0.008058432781156276,0.01855293876357286,0.01512150703359405,0.009633085275066953,30,10
Ingo Rademacher,0.03202870343386989,0.0325838844465697,0.004865981087470509,0.08870832963545675,0.0864853653805562,0.006084332524141957,16,9
J.R. Martinez,0.07010275020368237,0.06753716561371265,0.02034122133055829,0.10031094163578895,0.1018814451475181,0.011229199837007982,13,10
Jack Osbourne,0.058090422695160765,0.0609039757956157,0.018230171209252258,0.09618788609813894,0.0970766848159368,0.00550424401869149,17,11
Jack Wagner,0.017640310520728068,0.0165676649132883,0.0018816474465854285,0.0742321159745232,0.0741119196873074,0.0017068224835877217,14,3
Jacoby Jones,0.06507416788400988,0.06599569456334745,0.0206156255885952,0.10823736321894475,0.10607106513539394,0.006631452619905219,16,10
Jake Pavelka,0.02872444078253428,0.0294027023956254,0.00440099737850666,0.0899708560253134,0.0897344278967297,0.006045138922869981,10,6
Jake T. Austin,0.019127380476908352,0.019127380476908352,0.0027883385813188694,0.099607813083444,0.099607813083444,0.0021646018302419554,23,2
Jaleel White,0.030470934528384386,0.0302682364972033,0.0016728001298639589,0.097261945620424,0.1005223759775972,0.007475108407496059,14,7
James Hinchcliffe,0.058311779676117,0.0583942914993171,0.01500679221898239,0.10994425142652026,0.1092510875993981,0.0111979438030411,23,11
James Maslow,0.05731140591858332,0.055259684216,0.017197647416217595,0.08836665386116747,0.08997857020505085,0.0039190235020550674,18,10
James Van Der Beek,0.0091163907376238,0.006682615921487899,0.005815794691905406,0.02167632007188699,0.018119979291353748,0.010634461116161833,28,10
Jamie Anderson,0.0299829769813816,0.0299829769813816,,0.0969598334176927,0.0969598334176927,,26,1
Jamie Lynn Spears,0.01333500976828585,0.01333500976828585,0.002315808283848633,0.053795740816651,0.053795740816651,0.007684201460133265,32,2
Jana Kramer,0.0558689248627483,0.0567583815673801,0.017178887157942687,0.10195310066711417,0.1024330836130689,0.006515751393030816,23,11
Jane Seymour,0.039387066115229144,0.0375890272623906,0.005455365268806185,0.11309839975334422,0.1181743710095185,0.010184352659767772,5,7
Janel Parrish,0.057678303853004105,0.0548731409798746,0.015823063733507742,0.10181530626259806,0.1017906806349133,0.0076097438334301205,19,11
Jason Lewis,0.0089617549935933,0.0089617549935933,,0.0483172260925823,0.0483172260925823,,31,1
Jason Mraz,0.009551062012345473,0.0044959005806282,0.010705845384644828,0.01763248924335491,0.0113351495417517,0.013122571363693937,32,11
Jason Taylor,0.08254897644450117,0.0794196340973683,0.028057580809998563,0.1082826990060692,0.10878977557699496,0.008498463445036165,6,10
Jeannie Mai,0.004171345118467157,0.0033031979094208,0.0022748067411698953,0.014763743220235185,0.0127830324700257,0.00982998084078641,29,7
Jeffrey Ross,0.0223870644711936,0.0223870644711936,,0.0985341744724332,0.0985341744724332,,7,1
Jen Affleck,0.008278612098409629,0.0083605096666265,0.004367494632956284,0.027556244094070585,0.0273383243731128,0.015314966357413466,34,7
Jenn Tran,0.0079191102256552,0.008294443219345499,0.003720759667786589,0.020448179831356935,0.01842265038799145,0.008487112200387129,33,6
Jennie Finch Daigle,0.029660706954901167,0.0295976436947079,0.0008689071019195029,0.10190575171712586,0.1043065323017694,0.006170327742299125,26,3
Jennie Garth,0.05085265515407382,0.0535765752977829,0.008203871790330467,0.1041235165612637,0.1069288995636664,0.00879422940859716,5,9
Jennifer Grey,0.07121255784638117,0.07261360774630425,0.020571747013958405,0.09708039501438334,0.0985512987169325,0.011584840896443013,11,10
Jerry Rice,0.01402856646945285,0.0099923495042584,0.012549868357749317,0.018807449204786025,0.01414102552582465,0.009106646527131201,2,8
Jerry Springer,0.04495351887225966,0.0458015847854456,0.00511266137708994,0.10574685105650225,0.1062428001922885,0.009771905661095183,3,7
Jesse Metcalfe,0.01092177702940652,0.0121383159602367,0.0021000802232575286,0.04042567042425406,0.0359945669526554,0.010929683201054695,29,5
Jessie James Decker,0.00689860322744565,0.00648359946471065,0.002580621157416181,0.02435361466926032,0.023970129705769,0.008998630955845029,31,6
Jimmie Allen,0.0075570997074917625,0.007455275389408151,0.0032135331437034005,0.022230626073741187,0.0202201281456299,0.009520188033820364,30,8
JoJo Siwa,0.00876350068413636,0.0052838103228544,0.009826531960958132,0.01878146619684851,0.01346670139426535,0.012497669371187108,30,10
Joanna Krupa,0.044172298683442954,0.0485317861948413,0.009582365596042117,0.10573820274183077,0.1075884924316174,0.00627299524140812,9,9
Jodie Sweetin,0.029667758749629625,0.03018534969190215,0.0027353350188143452,0.08910671714249987,0.08937076235561585,0.006337102900426383,22,8
Joe Amabile,0.030546240916532665,0.031417273093442596,0.0038992213818450005,0.10052209118140495,0.09919108386462669,0.0062892508785151475,27,8
Joey Fatone,0.0631223105972522,0.06259471286427885,0.02975634999693824,0.09797262382715889,0.09748659219448505,0.008103840505435143,15,12
Joey Graziadei,0.011470657372632689,0.0064918497157363,0.011478122945694329,0.02107146915238741,0.0159759343679285,0.014550093233151462,33,9
Joey Lawrence,0.06416766750088128,0.0663546003843075,0.009669198020968472,0.11443559911354854,0.1150941064355941,0.008809824864370137,3,9
Joey McIntyre,0.02800218873334226,0.0220384785861548,0.012590970380728213,0.03163932280600386,0.0309031071990927,0.008326913772234828,1,5
John O'Hurley,0.02776041294264857,0.019637142019159802,0.019885769088977392,0.024474941227109567,0.0219829526814725,0.006513402770123983,1,6
John Ratzenberger,0.03361514603498311,0.0343026436613063,0.003331615210252765,0.10161499617209221,0.1022950808548605,0.006006511024366701,4,7
John Schneider,0.027590781534480444,0.0279142471854704,0.003050129402301992,0.08871461902257764,0.0909311100780703,0.004279825290868331,27,7
Johnny Damon,0.0273804318821587,0.0273804318821587,,0.0938920321885255,0.0938920321885255,,26,1
Johnny Weir,0.00583275411726759,0.00449326283378765,0.004020191200263558,0.015985483642590788,0.0119289596938971,0.009269505851511591,29,10
Jonathan Bennett,0.027928005980579432,0.02828999373914705,0.004101138561858773,0.09584819620520117,0.09587600737553484,0.0061867621823244665,19,6
Jordan Chiles,0.006608846558800891,0.0045563127890163,0.005809530692514674,0.01509299765208451,0.0111142244486277,0.009716761852051567,34,11
Jordan Fisher,0.054088313886070785,0.05047145204703675,0.017121630272288375,0.09758853399050009,0.09732120150729509,0.006079968467130023,25,10
Jordin Sparks,0.0076833439441926716,0.0073155432224235,0.00285060718103106,0.023996910447796515,0.0248530204358233,0.007235658607312836,31,7
Joseph Baena,0.007817040922529281,0.0062842081105551,0.0032418625443626594,0.03057788715472644,0.0268264373706526,0.011739757890287694,31,5
Josh Norman,0.06704914655207894,0.06524642563919765,0.018244188749771358,0.0833096350971957,0.08285567591717685,0.006756090587567706,26,4
Josie Maran,0.0233432334605407,0.0233432334605407,,0.0903277861496441,0.0903277861496441,,5,1
Juan Pablo Di Pace,0.034212272743410446,0.03407968726931565,0.0031495695315952726,0.11524475190026227,0.1164764075060169,0.007377122869368155,27,8
Justina Machado,0.007089849406077264,0.003596025241744,0.008383361587466559,0.0150156916527789,0.0101334151699786,0.011554922594190595,29,11
Kaitlyn Bristowe,0.006854543308787064,0.0044723652278554,0.008520542397788055,0.014901105904634237,0.0086807256512887,0.013024916981168732,29,11
Karamo Brown,0.010528559706822958,0.0093054156691111,0.004853378074390531,0.028521487857718884,0.0214159359805102,0.012438302762721145,28,7
Kareem Abdul-Jabbar,0.025146943242766902,0.025146943242766902,0.00026327419979513207,0.09764556753910775,0.09764556753910775,0.0030757926430160557,26,2
Kate Flannery,0.009761461153260988,0.010260865666085951,0.003972217374669465,0.0258507246058281,0.0235375444240674,0.012709851583097415,28,8
Kate Gosselin,0.030097336806878684,0.0303621178678867,0.0046103699333016855,0.08917627171768037,0.0861384168618278,0.004554854168252327,10,5
Katherine Jenkins,0.05762668057774466,0.054500063684786645,0.017612158713020944,0.0895533475859337,0.09124519211591481,0.010184645540884966,14,10
Kathy Ireland,0.015367963811028451,0.015367963811028451,0.00046113722305263287,0.090621930707937,0.090621930707937,0.00010179166947192821,9,2
Kel Mitchell,0.009399221118425819,0.0055936355009518,0.009745610039505774,0.01775149068499021,0.0138137932764822,0.012892564301597019,28,11
Kellie Pickler,0.05805628239822562,0.0581446428709168,0.019391235474247,0.0970736776428273,0.0960881871885776,0.003919909136616966,16,10
Kelly Monaco,0.05613698344823037,0.058512864493935945,0.029459687085717806,0.07321514682852291,0.08890489244567676,0.037835767475695545,15,16
Kelly Osbourne,0.06979843638814828,0.06542008491525005,0.027237116690324817,0.10287667537302347,0.1031930019573571,0.012002207354382104,9,10
Kendra Wilkinson,0.037812148892685284,0.0368314168005471,0.00342919178657567,0.10666447752386858,0.1068245970390445,0.0053361630560930075,12,7
Kenny Mayne,0.0107932797275122,0.0107932797275122,,0.0334956758753423,0.0334956758753423,,2,1
Kenya Moore,0.007686899694714166,0.0079507382030604,0.0023876016843361477,0.0280257057395491,0.02724578003690805,0.010604284217870585,30,6
Keyshawn Johnson,0.02063278261886185,0.02063278261886185,0.002112123129318625,0.0882500401534832,0.0882500401534832,0.0007228575298980855,17,2
Kim Fields,0.0307630422757818,0.032388882358241,0.005697249652206807,0.10016595845163752,0.0983732777897859,0.0046468356872876445,22,7
Kim Kardashian,0.02087559909839565,0.02087559909839565,0.0003983894896707709,0.08822942312273024,0.08822942312273024,6.802127329840378e-05,7,2
Kim Zolciak-Biermann,0.03884519652259695,0.03884519652259695,0.0031362697713604427,0.1220960312078695,0.1220960312078695,0.00788294437426411,21,2
Kirstie Alley,0.0598867801456555,0.04957015647303925,0.023076413904904766,0.11277688202441498,0.11444307111666825,0.012148206954118572,15,18
Kristi Yamaguchi,0.07741505686056113,0.0754462296894935,0.02319825699241233,0.10873594448570216,0.1117499659985567,0.013314854125752448,6,10
Kristin Cavallari,0.022487168296784835,0.0217228733221319,0.0028627191766551503,0.08855733683600316,0.0877076737768888,0.002200822464462918,13,3
Kurt Warner,0.04075023004311627,0.0399557441221204,0.004946174540165342,0.0979597934864273,0.0994815459905298,0.00771672877538235,11,8
Kyle Massey,0.06785744291761403,0.06354489506013924,0.02205215389003592,0.09989424816862084,0.1017176642022368,0.010358640837938044,11,10
Laila Ali,0.06987962174792998,0.06751830494914035,0.017949242029007374,0.10055801574584915,0.10301677113487855,0.011280472776269064,4,10
Lamar Odom,0.009661383913500726,0.00996402746539485,0.001833035124372093,0.0306335559281587,0.03093869035290065,0.006379728864651072,28,4
Lance Bass,0.06995400544750989,0.06940563994652005,0.021055967945356215,0.09593591012241562,0.0957719243923971,0.010721831952213927,7,10
Lauren Alaina,0.010859579354423027,0.007626183572801,0.00902838285235694,0.020039700159380346,0.017488528177184,0.011593094264351782,28,11
Lauren Jauregui,0.011920419338095734,0.0123609528913023,0.0017759555763846358,0.04536275485585813,0.0467294202843138,0.008379205373201139,34,3
Laurie Hernandez,0.05984314215794129,0.0599009939353652,0.01722423018427973,0.1021699015021618,0.1024762580467802,0.00815533512971596,23,11
Lawrence Taylor,0.030246331227702972,0.0309930491804463,0.002525318638685571,0.09835854905463057,0.0999434883905772,0.004683098801397837,8,7
Lea Thompson,0.03525938551015531,0.0351165970455223,0.003599775376771047,0.10133318357775963,0.1024854497891452,0.00671236227807526,19,9
Leah Remini,0.04218184331604184,0.04242008213825735,0.007668022485288022,0.09714564118729535,0.09795610152578485,0.009837773383026811,17,10
Leeza Gibbons,0.02319413751975535,0.022692349524923702,0.00428233651753858,0.08588944373057786,0.08532980809715135,0.004566348713683531,4,4
Lele Pons,0.006641931758310157,0.0054297274197671,0.0030212882190861416,0.0210692209416374,0.0194507367830444,0.008094562729679865,32,7
Lil' Kim,0.033882422794140034,0.0333759556740823,0.005178721730644945,0.09186745775748982,0.0904291206569165,0.007638748447645433,8,9
Lindsey Stirling,0.06252267413798047,0.06168225659965935,0.019558075830310846,0.10076774217649827,0.10058519245363085,0.005532170628927277,25,10
Lisa Rinna,0.0105885013046802,0.0078844488252104,0.006532037426184928,0.018171005724716558,0.0174452338897884,0.008128328489085093,2,7
Lisa Vanderpump,0.022295257085134426,0.0212109959831552,0.0032366973939415853,0.09095526626729653,0.0895311536523084,0.004459255165671693,16,4
Lolo Jones,0.0207977046684957,0.0207977046684957,,0.1015887531498846,0.1015887531498846,,19,1
Louie Vito,0.029865016619932582,0.02899756035417805,0.004603718945916018,0.10976839545022211,0.10973397545381669,0.00501688394873175,9,6
Macy Gray,0.0176662469582096,0.0176662469582096,,0.0947626909323346,0.0947626909323346,,9,1
Margaret Cho,0.023926952955834833,0.0231620476274337,0.002791239127875729,0.09216401749460468,0.0910489463215265,0.002804893719671239,11,3
Maria Menounos,0.04192158237969197,0.0437890220270712,0.0066623425595416326,0.10411575434555202,0.1069757291745647,0.008213027884588053,14,9
Marie Osmond,0.060317809534600884,0.06096253216021185,0.0160955672598944,0.0850434747141053,0.08780640245904345,0.008540257845157214,5,10
Marilu Henner,0.03785987663616447,0.0365486825795518,0.005855523268316412,0.1075632449917137,0.1072153495739025,0.010114219838312807,23,9
Mario,0.04888475931909842,0.05008957085940935,0.00776595642609844,0.1264022611260673,0.12432658452606785,0.00849036021429874,6,8
Mario Lopez,0.0859916855580295,0.0836096860916373,0.0358873541216804,0.09093826015941267,0.0917826568674548,0.013262606564757801,3,10
Marissa Jaret Winokur,0.04339989949076534,0.0439149958482014,0.008949405728304792,0.10471564882444628,0.1048607451805235,0.005277885600888528,6,9
Mark Cuban,0.0292897307895081,0.0296835200940717,0.0014999031964716071,0.09581586564992428,0.0950225400496338,0.0025980038933112945,5,5
Mark Dacascos,0.030407761199445528,0.0294385756274643,0.003076180862705388,0.10535741572405946,0.1076475334860306,0.004073056849465984,9,7
Marla Maples,0.0216354102144855,0.0208874900450473,0.003437990316529914,0.0891687523363528,0.08824895762179649,0.003602253787792012,22,4
Marlee Matlin,0.03269347579346443,0.031685592814223,0.006072148162207631,0.10033577590009674,0.09856668400409414,0.008340725904022484,6,6
Martin Kove,0.010011809301255451,0.010011809301255451,0.0023319363787981167,0.056029830919416,0.056029830919416,0.007558572512269498,30,2
Martina Navratilova,0.024460449105226052,0.024460449105226052,0.003016017713120787,0.09967323112458285,0.09967323112458285,0.00021988947000697816,14,2
Mary Lou Retton,0.0241460981888905,0.02410844567612605,0.0027553960976768803,0.09234320793524864,0.08983600464751859,0.01269023017962372,27,6
Mary Wilson,0.01056359615843925,0.01056359615843925,0.0023028514190930357,0.0463547967445445,0.0463547967445445,0.00908300212467852,28,2
Master P,0.018151550950686175,0.0159110148567772,0.0051198189879710625,0.036668411041900925,0.03315559490119745,0.009330160991995193,2,4
Matt James,0.00865134673959495,0.008660397481941948,0.002041068989123086,0.03153821631306715,0.02943641213367115,0.0074628141231201746,30,4
Matt Walsh,0.0113765274399989,0.0113765274399989,,0.0476536190315178,0.0476536190315178,,32,1
Maureen McCormick,0.025951022941322326,0.0270877916375217,0.003574374986166613,0.0835095025194421,0.0875893370453219,0.006726662591648593,23,7
Maurice Greene,0.03847595154247039,0.0378159382393626,0.004567476361075985,0.10838666779209774,0.1097605711540171,0.0071705443360853185,7,8
Mauricio Umansky,0.008577945978700867,0.0082837665634218,0.0018289510862197161,0.027466406268838315,0.0263975161321902,0.005189725275813203,32,6
Mel B,0.0689757831482326,0.06600016940952774,0.023973909292132608,0.10325556814514665,0.1068084815104534,0.01294628820409148,5,10
Melanie C,0.00832394815361888,0.0083550773583659,0.0033011166115887725,0.031267893474106925,0.0326618377228418,0.013058720931998422,30,5
Melissa Gilbert,0.03972117122287579,0.04004098120554095,0.004627249791393357,0.11017326679561072,0.11026545744624125,0.0056250543810077045,14,8
Melissa Joan Hart,0.029294202065420268,0.028975865378536747,0.00212513111209377,0.10542528784255005,0.1056088721451651,0.0037068878433134797,9,6
Melissa Rycroft,0.06593165698312434,0.064442613102258,0.021411221229947756,0.10508882757194762,0.10815267589291,0.01133960609828146,8,21
Melora Hardin,0.0069318805681713,0.0053569860256687,0.00426265735799222,0.0190715478753129,0.0155082016530146,0.009829214722750277,30,9
Meryl Davis,0.05484021688353182,0.054611551723037596,0.014189224539594529,0.08414887512014496,0.08460046002823529,0.0032055391312374787,18,10
Metta World Peace (Ron),0.0193728798313794,0.0193728798313794,,0.0857598935636098,0.0857598935636098,,13,1
Michael Bolton,0.019588101496149,0.019588101496149,0.0017033642754570647,0.08254358704677439,0.08254358704677439,0.0015131180622023025,11,2
Michael Irvin,0.03229841016373818,0.0326863886855427,0.0035908574204942755,0.10916697907755565,0.1096042639994991,0.0060977617220034155,9,7
Michael Sam,0.0192013439996684,0.018414569812372703,0.0030587199827867384,0.07426806601578642,0.0736669314903755,0.0022305544082413765,20,4
Michael Waltrip,0.026488798604424477,0.02648125883430305,0.004357809524704814,0.082031541315164,0.0826563759036858,0.005447960469677332,19,8
"Mike ""The Miz"" Mizanin",0.0082505075323073,0.0081723340662009,0.0038858200219133517,0.026702978252031027,0.0235356890680455,0.010899039190339955,30,7
Mike Catherwood,0.01836262561361575,0.01836262561361575,0.002192356966919499,0.08363527955973335,0.08363527955973335,0.00012535310484918495,12,2
Milo Manheim,0.06399625529854629,0.0649870664732427,0.01813602353732272,0.11551665611962199,0.1152014813349542,0.011961277470703347,27,9
Mira Sorvino,0.0088437700723761,0.0088431464826642,0.0015619918426359124,0.02836172023693746,0.0282123580785953,0.0032416932345970743,32,5
Mirai Nagasu,0.0439734335803554,0.0435414491321412,0.0025825951288688735,0.13003257877995092,0.126973828985398,0.008488098316716432,26,3
Mischa Barton,0.018680061161688934,0.0174365814218112,0.002505853742585059,0.0811248303265574,0.0809665542425609,0.0009302125287188173,22,3
Misty May-Treanor,0.03423763047951115,0.03423763047951115,0.004896279201813031,0.09257249316775379,0.09257249316775379,0.0010520005982815695,7,2
Monica Aldama,0.007383914462941685,0.0057904978553836,0.0033602398617189645,0.024770466685257984,0.0211196455514911,0.011469571897869148,29,7
Monica Seles,0.019369030096565952,0.019369030096565952,0.002576518602451088,0.0866207917415571,0.0866207917415571,0.00010911367193273668,6,2
Monique Coleman,0.042456445532183,0.042267270571742746,0.003342530886706041,0.09550503241247714,0.0966172424054325,0.009801319372534997,3,8
Mr. T,0.0242808180500122,0.0237350457201423,0.003993895298230986,0.08767220892621938,0.08683549425198735,0.003372927597917801,24,4
Mya,0.06201552808624254,0.061840862150454604,0.02413171600087504,0.09555314657295404,0.09913214664408725,0.011599896709322245,9,10
Nancy Grace,0.04477832908689236,0.044425478167556154,0.006018065783133635,0.12259848332752551,0.1236475820182735,0.010538944441553002,13,8
Nancy Kerrigan,0.0386373567542967,0.0379053619139685,0.003945218611099062,0.1109119043065948,0.1119006345481023,0.0037060778893840433,24,7
Nancy McKeon,0.019286421672896667,0.0179360686843122,0.003121222472613545,0.0833498352048958,0.0825938590762233,0.002729701557954154,27,3
Nastia Liukin,0.046786375662236354,0.0487994444235501,0.007270584505605736,0.11108944901397425,0.113265216755434,0.008430323420337442,20,9
Natalie Coughlin,0.0204419599891701,0.0202651720194836,0.0027189742490177585,0.09382127769012506,0.0903970568237861,0.008811275857773266,9,5
NeNe Leakes,0.029920154385954356,0.0296690281652536,0.004243000072047782,0.09189260841386385,0.0902252904125393,0.006053081136211971,18,7
Nelly,0.008867044773653273,0.004350993073257,0.00890685673535068,0.017805086622732273,0.0134747819551308,0.010513964791007406,29,11
Nev Schulman,0.006821178389368209,0.0033719193425519,0.010332754351461032,0.014093493748267027,0.0074194699430622,0.013047787319294107,29,11
Nick Carter,0.05686961439680957,0.0545632807369474,0.017088294441870176,0.10480256066463088,0.1067280929405698,0.006287507589824097,21,11
Nick Lachey,0.026478444379703533,0.0272037618608124,0.0038797913640189583,0.08895165535941334,0.0871074280487303,0.006864184553627869,25,6
Nick Viall,0.03151805000312142,0.0317797796061597,0.002628566051020602,0.09592686872766631,0.0970859380733107,0.003435141576619924,24,7
"Nicole ""Snooki"" Polizzi",0.03063215052049453,0.0319014987899495,0.0031073757113806054,0.0979243483085757,0.0962429314189207,0.006325105335190992,17,7
Nicole Scherzinger,0.06939418044569766,0.0665702221291534,0.02300251112362533,0.09700694909497105,0.0978120069892362,0.008663841689042683,10,10
Niecy Nash,0.03820269087368649,0.037364722139633155,0.004591328463417211,0.09542284604782156,0.09559587040354756,0.007465757058976518,10,8
Nikki Bella,0.030866335277538928,0.0314954685741303,0.0032926498842840313,0.1073150410181677,0.1067498190687566,0.004092052146944987,25,7
Nikki Glaser,0.0229581751473348,0.0229581751473348,,0.0899562312940058,0.0899562312940058,,27,1
Noah Galloway,0.06736834859345057,0.0628935886313939,0.025491396983449377,0.09927673497757475,0.09869041959047714,0.008601954975140014,20,10
Normani,0.06291137965320147,0.0600205360549774,0.021701115027714466,0.0915934478926194,0.09414064515779935,0.011398090975645137,24,10
Nyle DiMarco,0.06776191172190801,0.06465827377963271,0.022073154929771976,0.09998261186517396,0.10266513717983965,0.009818380669307514,22,10
Olivia Jade,0.006608346482777951,0.0062132894722728,0.002420409372621134,0.02216697052455604,0.01879265892445995,0.009162085205097599,30,8
Paige VanZant,0.06362821584459494,0.05917707620512255,0.022586170611456922,0.09166566693007419,0.09217577956122175,0.008689454693841163,22,10
Pamela Anderson,0.0288775552348881,0.0303464303893096,0.005343121659880801,0.09066999514318047,0.09037896523342415,0.006154260840262253,15,8
Patti LaBelle,0.0241046228969703,0.0250209491050239,0.0025130535646964137,0.08138217848438854,0.08160207712999895,0.003414002279254658,20,6
Paula Deen,0.028508854651536752,0.029075866608906348,0.004044514998615385,0.09614216697145801,0.09467288575453014,0.008239439000515795,21,6
Paulina Porizkova,0.02232738287332975,0.02232738287332975,0.0022871506569885204,0.0907528664149691,0.0907528664149691,0.0007666209301713539,4,2
Penn Jillette,0.018000197518331353,0.018000197518331353,0.001771360901976852,0.08826152935203216,0.08826152935203216,0.003168289061721791,6,2
Petra Nemcova,0.020493672671196998,0.0202948056649592,0.002889106411978605,0.07069618438116917,0.0688954870790172,0.0035527698357380143,12,5
Phaedra Parks,0.009671236222776162,0.0098953363671438,0.004011215031358226,0.02719643911645876,0.0248520397632705,0.008875488166475032,33,5
Priscilla Presley,0.03066038957990222,0.0301689166006658,0.003651993061453942,0.10286657430757959,0.0992104408752761,0.006580289897169577,6,5
Rachel Hunter,0.02467909293498215,0.02171172458689385,0.011055009528541087,0.03402440951451145,0.03238057738768605,0.01511438786590656,1,4
Ralph Macchio,0.04905253448703992,0.0500252362634559,0.008279426591218862,0.10533147933229481,0.1069777054039019,0.006661680073355786,12,9
Randy Couture,0.020688446791235535,0.0201248569166862,0.002848314873423256,0.08513568140281709,0.0839397847420852,0.002858354519931679,19,3
Rashad Jennings,0.058774585056542414,0.0551504208979928,0.022277206132269245,0.08957228567105378,0.089359754526397,0.007293765726908007,24,10
Ray Lewis,0.0097601631104947,0.0097601631104947,0.006806135382320754,0.028612634870925698,0.028612634870925698,0.017999323858076066,28,2
Redfoo,0.0216518706467642,0.0216518706467642,0.0030200372943408665,0.09190383555477655,0.09190383555477655,0.00011321491876957796,20,2
Reginald VelJohnson,0.007767933099940534,0.0089416759528314,0.0022619418155852646,0.026620645319135768,0.0301559954702361,0.007509462023934603,33,3
Rick Fox,0.03487473894572223,0.0337762660512256,0.003903927898545665,0.09911392704766052,0.1013502820604414,0.009382887144287531,11,7
Rick Perry,0.0201402478283117,0.0192903715134462,0.0030644521526703144,0.08290929039830626,0.082244605054417,0.001875515562664279,23,3
Ricki Lake,0.07335890095388509,0.07231453648260965,0.020864184572486576,0.1045393205043748,0.10551951343875349,0.01097912038234508,13,10
Riker Lynch,0.07523726211826645,0.07105297613842775,0.02744234903894121,0.10198717816609722,0.102894171875526,0.008837923364020455,20,10
Rob Kardashian,0.07359576662487444,0.07069674451521085,0.024001825218873132,0.10293275007128792,0.10461983553305534,0.008047851603273018,13,10
Robert Herjavec,0.03316704624170979,0.032842269260511994,0.004784310523442358,0.09827748653790506,0.09850768970954141,0.006768945300908126,20,8
Robert Irwin,0.0066430596334840185,0.0047864661489518,0.005362938846414666,0.014831301580108229,0.0097349554289039,0.009371801009471362,34,11
Rocco DiSpirito,0.025615454885108576,0.0254858739614411,0.004253387099231165,0.0952794074953922,0.09447868344109306,0.00732304409037327,7,4
Romeo,0.03623705411950465,0.03506269045968865,0.0040485580348001374,0.0924385493909514,0.09390181583425725,0.005228044667984186,12,8
Roshon Fegan,0.03588725311941509,0.03590470686815725,0.0031043430675807534,0.09904669241244146,0.0996989061111625,0.005565102370506056,14,8
Rumer Willis,0.06562002526685856,0.0640010106246631,0.020420283352148322,0.09961461892523668,0.10181843892198406,0.011873706162988005,20,10
Ryan Lochte,0.03347876147496141,0.032981474762732596,0.004701229980358387,0.10932110684693504,0.1093440568078904,0.008167956037161117,23,8
Sabrina Bryan,0.029618393744038417,0.02962318444157365,0.003254944372407459,0.09404665255086776,0.09309085724204855,0.008177861550732397,15,12
Sadie Robertson,0.060585211956347494,0.0559058035630386,0.018210568843473024,0.11064019438275287,0.1099214975674614,0.007042916896713899,19,11
Sailor Brinkley-Cook,0.011148681517451483,0.01189448550367785,0.004530563332824104,0.034375439247483104,0.0349520044959836,0.01572150975096712,28,6
Sam Champion,0.008481017750151476,0.00835743649548545,0.0005580687867115711,0.035608493340196376,0.0357597705671835,0.005272649814846532,31,4
Sara Evans,0.05720511068300536,0.0582006144206201,0.010658855782303236,0.10862586521767406,0.1091308448346765,0.003314028611958972,3,5
Sasha Pieterse,0.02479003182172844,0.0248922842887037,0.00417163434323672,0.09131131193538086,0.0880762706037312,0.006752904616422875,25,5
Scott Hoying,0.008068692354432633,0.0081947168031995,0.0027602046770617795,0.025028430033607482,0.024839711201965,0.009125216118459867,34,6
Sean Avery,0.0194143271885613,0.0194143271885613,0.0010007597878671898,0.08281988315887714,0.08281988315887714,0.0015810705859213173,18,2
Sean Lowe,0.034179909154613976,0.03301901174946385,0.004528651723975797,0.09973724688291688,0.09954146907986765,0.006342071106606106,16,8
Sean Spicer,0.011183213498849333,0.0111626638468721,0.004299766058955534,0.0240613920266555,0.0225652026886218,0.00785901551960054,28,9
Selma Blair,0.00449607120991302,0.0047872899797919,0.0006998524104641724,0.01544918541044368,0.0159823954919151,0.0027751187195304717,31,5
Shandi Finnessey,0.021099911323286966,0.0203946584915474,0.002640776255257973,0.0824692911764633,0.0821271292431148,0.0014066958661565054,4,3
Shangela,0.0076637197666745895,0.005452546849584549,0.008746565815224943,0.01529802320179088,0.0136137839057348,0.0067485689267774585,31,10
Shanna Moakler,0.0253589626444423,0.0253589626444423,0.0016708583453553482,0.09681396988731056,0.09681396988731056,0.0005771810153987007,3,2
Shannen Doherty,0.022849092006233848,0.022849092006233848,0.0032692726370614116,0.08890547671112756,0.08890547671112756,0.0012713015031378997,10,2
Shannon Elizabeth,0.03643484443582144,0.0365155408109661,0.005053382802848699,0.10406105559619051,0.104214925352593,0.008077074884149917,6,7
Shawn Johnson,0.07375669172785243,0.0708372672962908,0.023395359353644094,0.10838028967790844,0.1100826384874588,0.013256158120146464,8,21
Sherri Sheperd,0.02324575241556295,0.0229134993679072,0.0020101289387371405,0.0972241824288704,0.0967082323641718,0.0017837440835158543,14,4
Simone Biles,0.040794094581368096,0.0412362813823876,0.0060571671605262455,0.09973193818314324,0.1005917368557147,0.004735525003367315,24,9
Skai Jackson,0.00668209018066102,0.0059097827228632,0.0038585953639515974,0.016810732978294253,0.013888293825822351,0.008901292939067192,29,10
Stacy Keibler,0.012418332139281524,0.007401363857944199,0.01344056306987637,0.01718709910191736,0.0116678157207484,0.010538248396375299,2,8
Stephen Nedoroscik,0.011942988532051167,0.007664435275691,0.011810904798180942,0.02131793557675821,0.0157849127089955,0.014781311132857633,33,9
Steve Guttenberg,0.020605202145366767,0.0202045581877402,0.002467933264952573,0.09217732908326844,0.0903490791477703,0.0041439984400425105,6,3
Steve Wozniak,0.0216347962796146,0.0210034424347707,0.00289907203948416,0.09492856666862753,0.0946237116847575,0.0034847512985268303,8,4
Steve-O,0.02875024538135465,0.028405740573369802,0.002554892079518216,0.10389063090678162,0.10307838087683155,0.002833228162415732,8,6
Sugar Ray Leonard,0.02526913440785215,0.0241711723282371,0.0035064987816903837,0.09101244894786212,0.09127593890223346,0.002397518957444272,12,4
Suni Lee,0.006426180943450866,0.0059337920656239,0.0030360435262731795,0.017784612938293577,0.0151186373968961,0.008640839049656646,30,9
Susan Lucci,0.0298604145619931,0.02877405121147,0.003072222928702431,0.09526544724828094,0.0964455337873556,0.008136531376547339,7,7
Suzanne Somers,0.02080997142232942,0.0213962981963059,0.0033236285097077594,0.074778029327289,0.0736318708812115,0.004108981443401511,20,5
Tamar Braxton,0.055820903088277155,0.056417926764256,0.016292843629049054,0.11163800990158086,0.1132308011661473,0.003516222229940296,21,9
Tatum O'Neal,0.024648345066295548,0.024648345066295548,0.005882714941667124,0.07821625693043124,0.07821625693043124,0.011889418961121659,2,2
Tavis Smiley,0.02240339726267645,0.02240339726267645,0.001284781476720384,0.0985481002479694,0.0985481002479694,0.0005609681938413678,19,2
Ted McGinley,0.0220755947029029,0.0220755947029029,,0.100657369757103,0.100657369757103,,7,1
Teresa Giudice,0.0104564028110481,0.0104564028110481,0.0016514539201691319,0.047549202386599154,0.047549202386599154,0.006458170272444459,31,2
Terra Jole,0.04722835632354665,0.04731608853678125,0.00799633461824304,0.12317349220265475,0.1256489914207248,0.009940885190423469,23,10
Terrell Owens,0.0296325910005063,0.0297807596012298,0.002717495829694375,0.09721371894530938,0.10007669016012295,0.008094644985361837,25,8
The Situation,0.02560548534462435,0.024885877366072298,0.0028472526369766717,0.09001965574090158,0.08941957416213561,0.003372605902720992,11,4
Tia Carrere,0.012602145175689939,0.0120216367528537,0.004726288462978808,0.026949077875856618,0.0306157841804662,0.009368424254627583,2,5
Tinashe,0.0222652317579905,0.021716669514029847,0.0027711896031963564,0.09126403983452908,0.08943219202198685,0.004167007488677712,27,4
Tom DeLay,0.0275761325665323,0.0272768617263036,0.002169474043265198,0.09049919313492004,0.0908211206055664,0.0008322197988336716,9,3
Tommy Chong,0.03476429353604369,0.0352881267286475,0.004368228488221855,0.0938048316427855,0.09576271248724,0.006163968250264651,19,10
Toni Braxton,0.020940776947732963,0.0210132886758406,0.0016050160354209187,0.07711005196258126,0.0751858814309766,0.005965330199605608,7,5
Tonya Harding,0.06290850090218217,0.05961478329523409,0.02061099107395985,0.0758625263653407,0.07538480063274665,0.0024099821220025805,26,4
Tori Spelling,0.0080583435770886,0.0080583435770886,0.0017111901309539014,0.0345288864322421,0.0345288864322421,0.006547898065212734,33,2
Trevor Donovan,0.00611861852813159,0.0047841332633109,0.004001193587903253,0.015555825040843923,0.0144565521804157,0.005473493557068575,31,9
Trista Sutter,0.028168213253662748,0.028168213253662748,0.0027434742004389854,0.06178361616470615,0.06178361616470615,0.0013460690980452404,1,2
Tucker Carlson,0.0261319195265547,0.0261319195265547,,0.0896186960844769,0.0896186960844769,,3,1
Ty Murray,0.04833161519913931,0.0446868775493618,0.01054675603107989,0.10936689881322563,0.1114248179287533,0.008903979769849763,8,10
Tyson Beckford,0.015101352521184266,0.0174383338910864,0.0040866783499109135,0.059290112889948836,0.0628083948623344,0.01129472688144983,32,3
Valerie Harper,0.024249996796636725,0.0240922823077649,0.0033383979367749123,0.10044605552831462,0.10001525263401745,0.006150215613451063,17,4
Vanessa Lachey,0.02926879244335017,0.0294920850101564,0.0026750833394796453,0.10341871772473872,0.104667007709114,0.0048360340917702515,25,7
Vanilla Ice,0.0206294207338514,0.020343347193740452,0.0027940424329097194,0.08298242552848226,0.0824131112468394,0.003775806827755919,23,4
Veron Davis,0.007916358158376833,0.008027809844906551,0.0009400457584416938,0.029406902559959883,0.02954855334352615,0.005804031731064532,29,6
Victor Espinoza,0.0172904448454483,0.0172904448454483,0.0015887386290237325,0.0870569885036739,0.0870569885036739,0.0013070916789780626,21,2
Victor Ortiz,0.026882339699690935,0.02720233566815845,0.0026339895741029186,0.09632346983408864,0.09658829946413235,0.004325875156134565,16,6
Victoria Arlen,0.03629186799878205,0.0372250947285014,0.004782483421020341,0.10313516736705679,0.1060277598560813,0.007860439649219597,25,9
Vinny Guadagnino,0.0082553600576161,0.00782163402284115,0.0029269448966818515,0.023637992598062423,0.0233996354854976,0.003497771814565458,31,8
Vivica A. Fox,0.02500908371279255,0.02443822098700935,0.004236227424664907,0.09333899066529555,0.09208774402233941,0.004317661874134442,3,4
Von Miller,0.02876736931917823,0.0300719291453084,0.003162420631208563,0.09517216937165608,0.0949621032634268,0.0028334185851625463,22,7
Wanya Morris,0.04223763569572909,0.0423730443959969,0.008418838668361427,0.12313333568470917,0.1180648622812859,0.020842668111580476,22,9
Warren Sapp,0.07250997538984794,0.07057078248057269,0.023818600647672494,0.10532017435502691,0.10798609700349815,0.0071173711965974934,7,10
Wayne Brady,0.007943716049654841,0.0040937174653772,0.010369886716230256,0.01475981177105177,0.0117603816828202,0.007402154073831345,31,10
Wayne Newton,0.023268546199331233,0.0225521999684756,0.002499811184647084,0.08998185645861306,0.0908621327866965,0.001691543488258303,5,3
Wendy Williams,0.020914708545599865,0.0197390358118548,0.0028083848121598473,0.086185276594849,0.0865048281385599,0.0015291144033949518,12,3
Whitney Leavitt,0.0075009197331476,0.00571925076600205,0.004488292486328003,0.01886859703155342,0.0152081006886225,0.009143423755737536,34,10
Willa Ford,0.026529929367362398,0.0270039765492651,0.003853761857497636,0.09392951430303002,0.0906347195984869,0.006713146690055847,3,5
William Levy,0.062214431715253815,0.05794393428868195,0.023730327439123556,0.09454167021948487,0.09474850822262859,0.007926980296775283,14,10
Willow Shields,0.030627802477559245,0.0310282299479961,0.002891370916123139,0.10064349248974584,0.1019874319719665,0.004887500999843897,20,7
Wynonna Judd,0.019932860106149034,0.0195128051239261,0.002056279557186958,0.09058771504153697,0.0902569974702844,0.001097818536410345,16,3
Xochitl Gomez,0.009338428681849363,0.0046789454908531,0.010524513425316781,0.018601390647761538,0.0135823462174877,0.014754483408446937,32,11
Zendaya,0.07021079937526796,0.0701684272082506,0.024303588096871432,0.11131499965431188,0.1108395078015472,0.005160315376139748,16,10
