season,week,mean_ci_width,mean_cv,n_contestants,ci_width_rank_pct
1,1,0.024015458874488,0.03911564495709868,6,0.2208955223880597
1,2,0.02097796001465672,0.033635040527700714,6,0.21791044776119403
1,3,0.01852498495372104,0.0249047980967853,5,0.21492537313432836
1,4,0.03014252342822115,0.03255185387568017,4,0.28955223880597014
1,5,0.035139016692221366,0.0295550731215376,3,0.3880597014925373
1,6,0.06679675574190425,0.0347694383769318,2,0.826865671641791
2,1,0.01650202055242668,0.041642098049867335,10,0.21194029850746268
2,2,0.012507563635673779,0.03219315507210711,9,0.19701492537313434
2,3,0.010246329936734787,0.021767952530689187,8,0.16716417910447762
2,4,0.007834956739279343,0.015044061457304886,7,0.11940298507462686
2,5,0.01168867724691045,0.019882251069591284,6,0.19402985074626866
2,6,0.01282325122100184,0.01818529371985254,5,0.20298507462686566
2,7,0.0138676674588909,0.01529175630558475,4,0.208955223880597
2,8,0.046122903449755864,0.03607697682077613,3,0.6119402985074627
3,1,0.03537894234530575,0.10197701966436293,11,0.4
3,2,0.04132593843594913,0.10633306685521533,10,0.5164179104477612
3,3,0.044190527836277686,0.10452231739757151,9,0.573134328358209
3,4,0.04955353685852388,0.10472262795041776,8,0.6776119402985075
3,5,0.05604434177653893,0.10203704645192031,7,0.746268656716418
3,6,0.06989019984759201,0.09454831458810574,5,0.844776119402985
3,7,0.06659307361522329,0.09158691260713421,5,0.8208955223880597
3,8,0.08112462938120465,0.089774166833632,4,0.8955223880597015
3,9,0.1072636738463963,0.09006550079964137,3,0.9701492537313433
3,10,0.1499867872928639,0.07734305411476519,2,1.0
4,1,0.033477897523088836,0.09944736797216626,11,0.34626865671641793
4,2,0.03576625550861345,0.10555349500649203,11,0.41194029850746267
4,3,0.040000733593322305,0.10688028112938949,10,0.48656716417910445
4,4,0.04533423576993371,0.10629316609934504,9,0.6029850746268657
4,5,0.05018656740348933,0.10620180315611741,8,0.6835820895522388
4,6,0.054771687896369894,0.10506137516048812,7,0.7343283582089553
4,7,0.0611840438622834,0.1015641792283139,6,0.8
4,8,0.07088593767703394,0.09911731860113085,5,0.8507462686567164
4,9,0.08354824534625326,0.09543448729359448,4,0.9044776119402985
4,10,0.10168947443690113,0.0866932104037782,3,0.9582089552238806
5,1,0.03180690520894535,0.10090303628602763,12,0.3164179104477612
5,2,0.036154036006776864,0.10403902670899781,11,0.4208955223880597
5,3,0.04061345599058845,0.1047701258463273,10,0.5044776119402985
5,4,0.04378301076756466,0.10244972477754655,9,0.5611940298507463
5,5,0.04834652759988042,0.09951015949952312,8,0.6477611940298508
5,6,0.053055728992469096,0.09680906657158365,7,0.7044776119402985
5,7,0.05674607919177808,0.09111869904565738,6,0.7522388059701492
5,8,0.0666858141570016,0.08816161875192093,5,0.8238805970149253
5,9,0.07969317936630577,0.08476975535890639,4,0.8895522388059701
5,10,0.101097122244773,0.08094476997302767,3,0.9552238805970149
6,1,0.03239679889029734,0.1010045403358697,12,0.33134328358208953
6,2,0.034264290824517075,0.1072610178495693,12,0.3641791044776119
6,3,0.042890399184415014,0.11106280827820905,10,0.5462686567164179
6,4,0.047115130257331904,0.11054277149227477,9,0.6358208955223881
6,5,0.05237055556292152,0.10998855099490379,8,0.7014925373134329
6,6,0.05691740664459218,0.10543259438682866,7,0.755223880597015
6,7,0.06470201773633243,0.10436637105543023,6,0.8119402985074626
6,8,0.07707031975558479,0.10512708396523582,5,0.8746268656716418
6,9,0.0920434581632787,0.09751572365119456,4,0.9402985074626866
6,10,0.11856938257641597,0.09420114499505079,3,0.9970149253731343
7,1,0.029665452734017814,0.10133259936782012,13,0.25671641791044775
7,2,0.03557262140290005,0.10141763430633684,11,0.4059701492537313
7,3,0.043711966377239855,0.10212813025237254,9,0.5582089552238806
7,4,0.04256646585636714,0.09943279371089453,9,0.5343283582089552
7,5,0.0469046289795728,0.09687885768696407,8,0.6238805970149254
7,6,0.054407334636049014,0.09675090458696345,7,0.7313432835820896
7,7,0.05926983412696512,0.09425837966648572,6,0.7701492537313432
7,8,0.0709131662846601,0.0938421471971779,5,0.8537313432835821
7,9,0.08694254418638513,0.09097600735752565,4,0.9223880597014925
7,10,0.11096222878975322,0.08659799672522929,3,0.9850746268656716
8,1,0.02792627703916162,0.0958153745581429,13,0.23582089552238805
8,2,0.030102287781162383,0.1014401907723098,13,0.2835820895522388
8,3,0.03378776760574598,0.10398756756237555,12,0.35522388059701493
8,4,0.03737174117972237,0.10560857582239652,11,0.4298507462686567
8,5,0.045004194050751206,0.10274043225283153,9,0.5970149253731343
8,6,0.04949131571372582,0.09984860099860786,8,0.6716417910447762
8,7,0.053394250667558374,0.09747544736960721,7,0.7104477611940299
8,8,0.05949231535586517,0.09299734738004767,6,0.7761194029850746
8,9,0.06763568851731187,0.09198887829091555,5,0.8298507462686567
8,10,0.08332274284810683,0.09085386162308817,4,0.9014925373134328
8,11,0.10886784809686444,0.08786935934244866,3,0.9791044776119403
9,1,0.025417198082188206,0.10346245302463498,16,0.22686567164179106
9,2,0.02995022758480931,0.10573093030108227,14,0.27761194029850744
9,3,0.03255218240922415,0.10612788151520751,13,0.33432835820895523
9,4,0.038501482731055185,0.10646537236372672,11,0.45671641791044776
9,5,0.04130650531094114,0.10473049422952496,10,0.5134328358208955
9,6,0.04454355616540489,0.10311102651036803,9,0.5880597014925373
9,7,0.053647196415229415,0.0995813631448649,7,0.7164179104477612
9,8,0.07140535244277499,0.09383402720904568,5,0.8567164179104477
9,9,0.08454130081670193,0.0893807703553144,4,0.9104477611940298
9,10,0.10843871126231486,0.08538162983544256,3,0.9731343283582089
10,1,0.0336037391155663,0.09384646076725366,11,0.3522388059701492
10,2,0.03499319751129823,0.09752654865723936,11,0.3850746268656716
10,3,0.03891311887579883,0.09878613446511948,10,0.46567164179104475
10,4,0.04384819336545398,0.09919375015095998,9,0.564179104477612
10,5,0.04881601420881775,0.09751847676173658,8,0.6537313432835821
10,6,0.053891120337858554,0.09590715362190314,7,0.7223880597014926
10,7,0.0604443804302039,0.09264798069798748,6,0.7880597014925373
10,8,0.07313056395613435,0.09184925342728303,5,0.8716417910447761
10,9,0.0872116710128603,0.0918036829003763,4,0.9283582089552239
10,10,0.11255418018277397,0.0869708460475798,3,0.991044776119403
11,1,0.03155284559078348,0.09847880207998168,12,0.31343283582089554
11,2,0.035271742963396656,0.101440623837024,11,0.3970149253731343
11,3,0.03902447253577341,0.10202559730106694,10,0.46865671641791046
11,4,0.042787517149538386,0.10109686691333954,9,0.5432835820895522
11,5,0.0467134931113971,0.09862624354883054,8,0.6208955223880597
11,6,0.05100590100884591,0.09462233873869362,7,0.6895522388059702
11,7,0.0569285013044259,0.09136383721111346,6,0.7582089552238805
11,8,0.0665293373057099,0.0899422480226811,5,0.817910447761194
11,9,0.08013348550419974,0.08821490518764209,4,0.8925373134328358
11,10,0.10227686195308783,0.0817343266681179,3,0.9641791044776119
12,1,0.032045696697142086,0.09533828587475947,11,0.32238805970149254
12,2,0.03407624449271222,0.09931053924197183,11,0.3611940298507463
12,3,0.038299477735260753,0.10147160474444195,10,0.4417910447761194
12,4,0.0427325005443807,0.10105811481877149,9,0.5373134328358209
12,5,0.0469446918776239,0.09854864454917833,8,0.6268656716417911
12,6,0.05331026780316251,0.09953848693784796,7,0.7074626865671642
12,7,0.06057622595684408,0.09809388691049865,6,0.7910447761194029
12,8,0.0684838241512783,0.09512142986350071,5,0.8388059701492537
12,9,0.08616819914133,0.09407354364024327,4,0.9164179104477612
12,10,0.11124419661888467,0.09087132586896561,3,0.9880597014925373
13,1,0.0320709490842486,0.100042592506447,12,0.3253731343283582
13,2,0.03601283099206373,0.10274548476003947,11,0.417910447761194
13,3,0.04030237469658613,0.10369996782057453,10,0.5014925373134328
13,4,0.043443584917623665,0.10198737940308926,9,0.5522388059701493
13,5,0.0483374612162218,0.10046983829805403,8,0.6447761194029851
13,6,0.05359465885104274,0.09826069352362406,7,0.7134328358208956
13,7,0.05944467675179086,0.09585168012227942,6,0.7731343283582089
13,8,0.06900986213734037,0.09621262709644288,5,0.8417910447761194
13,9,0.08210387809748951,0.08970486723225116,4,0.8985074626865671
13,10,0.1091086801397963,0.08850346579773406,3,0.982089552238806
14,1,0.029658855204352918,0.09405807504157311,12,0.2537313432835821
14,2,0.031479078896710165,0.09805424694064473,12,0.3074626865671642
14,3,0.03451812038461675,0.09882446018720574,11,0.373134328358209
14,4,0.03813104144014597,0.10048836318417767,10,0.43582089552238806
14,5,0.04075369572036826,0.09650905451307829,9,0.5074626865671642
14,6,0.044979107350258715,0.09573592858817671,8,0.5940298507462687
14,7,0.049019321996816016,0.09348131648227455,7,0.6567164179104478
14,8,0.05480319862467916,0.09012299505996253,6,0.7373134328358208
14,9,0.0786432271290404,0.08457289143100875,4,0.8835820895522388
14,10,0.09844803369031413,0.07911388724876729,3,0.9522388059701492
15,1,0.029944094666128192,0.10220647030358848,13,0.2746268656716418
15,2,0.03427334367856092,0.10645731747457965,12,0.36716417910447763
15,3,0.03847789113164274,0.10987070969660304,11,0.4537313432835821
15,4,0.04701887785409662,0.11093612243567579,9,0.6298507462686567
15,5,0.051808852849936846,0.10976804090186994,8,0.6925373134328359
15,6,0.050614474496144035,0.10745280852306525,8,0.6865671641791045
15,7,0.056053899983455384,0.10952178756575925,7,0.7492537313432835
15,8,0.05434889930527015,0.10904568659745964,7,0.7283582089552239
15,9,0.0716103682327959,0.10573410975161887,5,0.8656716417910447
15,10,0.10845705694501251,0.08717223754712367,3,0.9761194029850746
16,1,0.029869854560645517,0.09551746106624114,12,0.26865671641791045
16,2,0.030515731482001276,0.09673324882239233,12,0.29253731343283584
16,3,0.03520430796460747,0.10189347741270552,11,0.3940298507462687
16,4,0.03976680915378873,0.1036011469872685,10,0.4835820895522388
16,5,0.04473700917854603,0.10392658392939078,9,0.591044776119403
16,6,0.050085250436019274,0.10204460868842236,8,0.6805970149253732
16,7,0.05708807815399821,0.10020508618635311,7,0.7611940298507462
16,8,0.06603416433879401,0.10048340623899464,6,0.8149253731343283
16,9,0.07864034405342925,0.09928550857665633,5,0.8805970149253731
16,10,0.09842733581487062,0.10079917699095325,4,0.9492537313432836
17,1,0.030123758495252007,0.09678377883294366,12,0.2865671641791045
17,2,0.03181799933729295,0.10115047458787578,12,0.3194029850746269
17,3,0.035492790617403756,0.1033420393631979,11,0.40298507462686567
17,4,0.04025324134369068,0.10480114200218198,10,0.4955223880597015
17,5,0.044514795694490523,0.1032151595862524,9,0.5850746268656717
17,6,0.049165550682634375,0.10078707991480954,8,0.6597014925373135
17,7,0.047470403153116465,0.09793527832872659,8,0.6388059701492538
17,8,0.052358329409935934,0.09471145696042764,7,0.6985074626865672
17,9,0.059691731189504715,0.09565628098808084,6,0.7791044776119403
17,10,0.07142518993076649,0.09327928929741099,5,0.8597014925373134
17,11,0.08659029352180353,0.09245963466758042,4,0.9194029850746268
18,1,0.02983849260619467,0.09419708694974661,12,0.2626865671641791
18,2,0.032845896340906504,0.09472894199649394,11,0.3402985074626866
18,3,0.03833822480494697,0.09189736090841649,9,0.44477611940298506
18,4,0.03843577402633475,0.09107024773984285,9,0.4507462686567164
18,5,0.0387771646538276,0.09135088411704705,9,0.4626865671641791
18,6,0.042297100237747715,0.08875467340412026,8,0.5283582089552239
18,7,0.04706808218158066,0.08683812533378185,7,0.6328358208955224
18,8,0.05411016905038917,0.08543583387666552,6,0.7253731343283583
18,9,0.06397371315759122,0.08442267744792538,5,0.8059701492537313
18,10,0.0772873897786066,0.0803223681451253,4,0.8776119402985074
19,1,0.028531467868437962,0.10005454237272628,13,0.2417910447761194
19,2,0.032350306026747745,0.10293707223698301,12,0.3283582089552239
19,3,0.03590495916484481,0.10452352511450794,11,0.41492537313432837
19,4,0.03913685107754225,0.10500969016747994,10,0.4716417910447761
19,5,0.04297443046297446,0.10376769747405404,9,0.5492537313432836
19,6,0.041910303141067994,0.09870918423354463,9,0.5223880597014925
19,7,0.046615970647581474,0.09723882024477092,8,0.6179104477611941
19,8,0.0518628672378317,0.09368240325633691,7,0.6955223880597015
19,9,0.060215771488830366,0.09478171967053621,6,0.7850746268656716
19,10,0.07160511905807582,0.09354973478467879,5,0.8626865671641791
19,11,0.0871648480532954,0.0920152579480933,4,0.9253731343283582
20,1,0.029399895129272394,0.09214945323679709,12,0.2507462686567164
20,2,0.03118099576256937,0.09685509928261139,12,0.30149253731343284
20,3,0.03519284603738746,0.09862666950768889,11,0.39104477611940297
20,4,0.04008351356093246,0.09984105341874354,10,0.48955223880597015
20,5,0.043970485868305056,0.09939724187656097,9,0.5671641791044776
20,6,0.0484970993113114,0.10077312119105622,8,0.6507462686567164
20,7,0.0536612355322197,0.09850101023564625,7,0.7194029850746269
20,8,0.060029273441263166,0.09361273414175299,6,0.7820895522388059
20,9,0.08748730209517563,0.0919109690254986,4,0.9313432835820895
20,10,0.1129498471026019,0.0863411171149997,3,0.9940298507462687
21,1,0.02931867953520228,0.09873657872484494,13,0.24776119402985075
21,2,0.03138677034845312,0.1044795021225068,13,0.3044776119402985
21,3,0.03942702466917495,0.10125864300455437,10,0.47761194029850745
21,4,0.04009212225849979,0.10290534282837457,10,0.4925373134328358
21,5,0.04367008893508231,0.10101681931554872,9,0.5552238805970149
21,6,0.04401198236982597,0.10087931767191463,9,0.5701492537313433
21,7,0.04953962527336449,0.10035386560337745,8,0.6746268656716418
21,8,0.05741541207833636,0.10166208113874518,7,0.764179104477612
21,9,0.06845545208477015,0.10549236604880778,6,0.835820895522388
21,10,0.09424635317693822,0.1012730027135666,4,0.9462686567164179
21,11,0.09061868755522927,0.09699349936174265,4,0.9343283582089552
22,1,0.030051960251376342,0.09293665529315857,12,0.28059701492537314
22,2,0.03154407327860268,0.0972000433462915,12,0.31044776119402984
22,3,0.034980749538638424,0.0997039918416631,11,0.382089552238806
22,4,0.03874112447564967,0.10040195593168696,10,0.4597014925373134
22,5,0.04229682140184422,0.09960673642806306,9,0.5253731343283582
22,6,0.04253011232040152,0.10137096418582364,9,0.5313432835820896
22,7,0.04752491345246175,0.10486861428422514,8,0.6417910447761194
22,8,0.060998270174256734,0.10124792079900136,6,0.7940298507462686
22,9,0.0683191154714845,0.09572585029704643,5,0.8328358208955224
22,10,0.10341598737263273,0.0802903811103855,3,0.9671641791044776
23,1,0.02871457160694419,0.0968508138588977,13,0.24477611940298508
23,2,0.0299370874271601,0.10082425553100306,13,0.2716417910447761
23,3,0.03406993608064623,0.10315721853791514,12,0.3582089552238806
23,4,0.038260494848214595,0.1067069790839088,11,0.4388059701492537
23,5,0.046066200514653044,0.1069991900050314,9,0.6059701492537314
23,6,0.045181521343180625,0.10427287859341408,9,0.6
23,7,0.04925141657444911,0.10284436953500654,8,0.6656716417910448
23,8,0.05491440117874469,0.1024802624603025,7,0.7402985074626866
23,9,0.06118072674391853,0.09949698374282157,6,0.7970149253731343
23,10,0.07217163269392132,0.09857009091486321,5,0.8686567164179104
23,11,0.08409022802360237,0.09208827379692924,4,0.9074626865671642
24,1,0.02985018653792865,0.09426410327190064,12,0.2656716417910448
24,2,0.03100698878848429,0.09753919282895086,12,0.29850746268656714
24,3,0.03463658168025325,0.09915889044488756,11,0.3761194029850746
24,4,0.03753904834314064,0.09800861550478389,10,0.43283582089552236
24,5,0.04080497568015654,0.09711732372205745,9,0.5104477611940299
24,6,0.04444424606647164,0.094340497739791,8,0.582089552238806
24,7,0.049216108058388296,0.0924514956877165,7,0.6626865671641791
24,8,0.06401739152229177,0.08697860349972228,5,0.808955223880597
24,9,0.07919726896216828,0.0858384400471986,4,0.8865671641791045
24,10,0.1021422088072933,0.08112661756377122,3,0.9611940298507463
25,1,0.028089988250559656,0.09794371503058132,13,0.23880597014925373
25,2,0.029723493885247514,0.10286764739937224,13,0.25970149253731345
25,3,0.034317117054341054,0.10019450043041357,11,0.3701492537313433
25,4,0.03490700903940138,0.10070794860195208,11,0.37910447761194027
25,5,0.03833986873072716,0.1001927298961276,10,0.44776119402985076
25,6,0.041642212037943764,0.09812320050051361,9,0.5194029850746269
25,7,0.04631735581695136,0.09656580426451927,8,0.6149253731343284
25,8,0.059144815650710864,0.09320389478954916,6,0.7671641791044777
25,9,0.07054284902228568,0.09332281022073323,5,0.8477611940298507
25,10,0.08548310118630485,0.09170143387712455,4,0.9134328358208955
26,1,0.03624024901542685,0.09904153066874208,10,0.42388059701492536
26,2,0.04433629190197215,0.10426315296594627,8,0.5761194029850746
26,3,0.05502916887808351,0.0984007563920093,6,0.7432835820895523
26,4,0.09312576310011417,0.0772369694487564,3,0.9432835820895522
27,1,0.03069303411658416,0.10005043317754524,13,0.2955223880597015
27,2,0.035698546193394576,0.10820292498791702,12,0.408955223880597
27,3,0.03932997930512597,0.11013995799524538,11,0.4746268656716418
27,4,0.042744746941982034,0.10960231625905466,10,0.5402985074626866
27,5,0.046113675257680176,0.10568684473201728,9,0.608955223880597
27,6,0.04434326025885253,0.10360509365284386,9,0.5791044776119403
27,7,0.049483687447278636,0.09983635450299373,8,0.6686567164179105
27,8,0.06343741105517943,0.10177950955523037,6,0.8029850746268656
27,9,0.09199035035740918,0.09644620042324276,4,0.9373134328358209
28,1,0.012980195076860051,0.043367908027285546,12,0.20597014925373133
28,2,0.00502744519607655,0.016868495391828407,12,0.023880597014925373
28,3,0.0068823709489463395,0.01838352637542932,10,0.08955223880597014
28,4,0.00583436465217178,0.01613727077245103,10,0.05373134328358209
28,5,0.008059962403421966,0.02036980393821529,9,0.13134328358208955
28,6,0.0107648209619505,0.027381869712517312,9,0.18208955223880596
28,7,0.008781921557873525,0.019516112191884687,8,0.14626865671641792
28,8,0.008438780483892686,0.015371012241257729,7,0.14029850746268657
28,9,0.011585780226832034,0.021316573059253833,6,0.1880597014925373
28,10,0.01265597838811544,0.0173522879910362,5,0.2
28,11,0.03671060959848703,0.037669742641651974,4,0.42686567164179107
29,1,0.01068847706908848,0.043166978324528586,15,0.1791044776119403
29,2,0.006499051233800586,0.02680160719887287,15,0.07462686567164178
29,3,0.005326466711186394,0.020896274984357484,14,0.029850746268656716
29,4,0.004918421934182093,0.016945937960097884,13,0.01791044776119403
29,5,0.0040780089778724255,0.013094477709452858,12,0.0029850746268656717
29,6,0.004623681050239191,0.014316642291488137,11,0.011940298507462687
29,7,0.00565849319385245,0.01565280840263418,10,0.03880597014925373
29,8,0.005761161745325038,0.012351053127398037,8,0.04776119402985075
29,9,0.009018847856063172,0.016516122238410317,7,0.15223880597014924
29,10,0.009692332212875817,0.016202013558803435,6,0.16119402985074627
29,11,0.03337408403448195,0.034796599352804575,4,0.34328358208955223
30,1,0.010386506843501432,0.04174866556325945,15,0.17313432835820897
30,2,0.00590085759427582,0.024506398827627274,15,0.056716417910447764
30,3,0.0057274324722291926,0.02154236983451602,14,0.04477611940298507
30,4,0.0046182663321823,0.016332636871367986,13,0.008955223880597015
30,5,0.0060956145040910814,0.01810007636378859,11,0.06865671641791045
30,6,0.00704598480816312,0.01918896975532374,10,0.09850746268656717
30,7,0.008064981101843244,0.020362387359588223,9,0.13432835820895522
30,8,0.007895727503876125,0.017597504533759897,8,0.12238805970149254
30,9,0.010613851163293617,0.016661378379462233,6,0.1761194029850746
30,10,0.03255989840364747,0.03467574254076328,4,0.3373134328358209
31,1,0.005544502160428363,0.023516020921921205,16,0.03582089552238806
31,2,0.005488779744838507,0.022253147974192165,15,0.03283582089552239
31,3,0.004496916098976028,0.01758101833836187,14,0.005970149253731343
31,4,0.005914569246947069,0.0210933462378524,13,0.05970149253731343
31,5,0.005951486236261567,0.01904200696712354,12,0.0626865671641791
31,6,0.00818424024818223,0.021203197742312573,10,0.1373134328358209
31,7,0.00791803257191861,0.018349398649361023,9,0.1253731343283582
31,8,0.006980092598925112,0.014415969929149787,8,0.0955223880597015
31,9,0.01132459381211255,0.018502064952973102,6,0.18507462686567164
31,10,0.033531073386138796,0.03428567024890285,4,0.3492537313432836
32,1,0.0095078054018632,0.035208463772630975,14,0.15522388059701492
32,2,0.007366548183235308,0.026325637434803983,13,0.10746268656716418
32,3,0.00682211974220525,0.023104901974708766,12,0.08358208955223881
32,4,0.0062977923611817,0.018873742008909018,11,0.07164179104477612
32,5,0.0057844556983782805,0.015765945948631722,10,0.050746268656716415
32,6,0.006774046276093989,0.017244229297766353,9,0.07761194029850746
32,7,0.006843076976142162,0.015329352368870263,8,0.08656716417910448
32,8,0.007072970520276571,0.01255644505418467,7,0.10149253731343283
32,9,0.007400476410660117,0.012825120353741367,6,0.11343283582089553
32,10,0.02562983246034702,0.0341407679036661,5,0.2298507462686567
32,11,0.03976655478733646,0.05310079514830288,5,0.48059701492537316
33,1,0.009761268586741145,0.03529623567541206,13,0.16417910447761194
33,2,0.004930202657641715,0.0176000349541529,13,0.020895522388059702
33,3,0.004822254311069072,0.0144103733845922,11,0.014925373134328358
33,4,0.007130579916381589,0.017560209249497367,9,0.1044776119402985
33,5,0.00864226236248475,0.018009899583169314,8,0.14328358208955225
33,6,0.010332272418629386,0.019485627991655298,7,0.1701492537313433
33,7,0.011680471888900167,0.019031651116814,6,0.191044776119403
33,8,0.026677466578566723,0.03580218614882574,5,0.23283582089552238
33,9,0.04026828784365518,0.054476068272914756,5,0.49850746268656715
34,1,0.009602403143984885,0.03610245065868995,14,0.1582089552238806
34,2,0.005202194859964958,0.02074758805377343,14,0.026865671641791045
34,3,0.00599436996294555,0.019338577180421975,12,0.06567164179104477
34,4,0.005684390620790653,0.01715807055955958,11,0.041791044776119404
34,5,0.00693671565713268,0.01900035529508706,10,0.09253731343283582
34,6,0.00796324340023201,0.023397417708405522,10,0.12835820895522387
34,7,0.007369519814758622,0.018238984223956548,9,0.11044776119402985
34,8,0.0068073794448207875,0.015149408275862137,8,0.08059701492537313
34,9,0.008941914597024843,0.0167969203059562,7,0.14925373134328357
34,10,0.0077986960445216675,0.013180933584431134,6,0.11641791044776119
34,11,0.0253958651672117,0.035046777292977435,5,0.22388059701492538
